$MeshFormat
4.1 0 8
$EndMeshFormat
$PhysicalNames
5
1 2 "Simetria_X"
1 3 "Simetria_Y"
1 4 "Borde_Carga"
1 5 "Agujero"
2 1 "Placa"
$EndPhysicalNames
$Entities
10 12 4 0
1 0 0 0 0 
2 0.01 0 0 0 
3 0.007071067811865476 0.007071067811865476 0 0 
4 0 0.01 0 0 
5 0.05 0 0 0 
6 0.03535533905932738 0.03535533905932738 0 0 
7 0 0.05 0 0 
8 0.2 0 0 0 
9 0.2 0.2 0 0 
10 0 0.2 0 0 
1 0.007071067811865476 0 0 0.01 0.007071067811865474 0 1 5 2 2 -3 
2 8.673617379884035e-19 0.007071067811865477 0 0.007071067811865477 0.01 0 1 5 2 3 -4 
3 0.03535533905932738 0 0 0.05 0.03535533905932738 0 0 2 5 -6 
4 0 0.03535533905932738 0 0.03535533905932738 0.05000000000000001 0 0 2 6 -7 
5 0.009999999999999998 0 0 0.05 0 0 1 3 2 2 -5 
6 0.007071067811865476 0.007071067811865476 0 0.03535533905932738 0.03535533905932738 0 0 2 3 -6 
7 0 0.009999999999999998 0 0 0.05 0 1 2 2 4 -7 
8 0.05 0 0 0.2 0 0 1 3 2 5 -8 
9 0.03535533905932738 0.03535533905932738 0 0.2 0.2 0 0 2 6 -9 
10 0 0.05 0 0 0.2 0 1 2 2 7 -10 
11 0.2 0 0 0.2 0.2 0 1 4 2 8 -9 
12 0 0.2 0 0.2 0.2 0 0 2 9 -10 
1 0.007071067811865478 0 0 0.05 0.03535533905932738 0 1 1 4 5 3 -6 -1 
2 0 0.007071067811865474 0 0.03535533905932738 0.05000000000000001 0 1 1 4 6 4 -7 -2 
3 0.03535533905932738 0 0 0.2 0.2 0 1 1 4 8 11 -9 -3 
4 0 0.03535533905932738 0 0.2 0.2 0 1 1 4 9 12 -10 -4 
$EndEntities
$Nodes
25 2597 1 2597
0 2 0 1
1
0.01 0 0
0 3 0 1
2
0.007071067811865476 0.007071067811865476 0
0 4 0 1
3
0 0.01 0
0 5 0 1
4
0.05 0 0
0 6 0 1
5
0.03535533905932738 0.03535533905932738 0
0 7 0 1
6
0 0.05 0
0 8 0 1
7
0.2 0 0
0 9 0 1
8
0.2 0.2 0
0 10 0 1
9
0 0.2 0
1 1 0 23
10
11
12
13
14
15
16
17
18
19
20
21
22
23
24
25
26
27
28
29
30
31
32
0.009994645874740447 0.0003271908289267408 0
0.009978589232291054 0.0006540312937505685 0
0.009951847266494529 0.0009801714056048363 0
0.009914448613308511 0.001305261925463601 0
0.009866433320130942 0.00162895473829384 0
0.009807852803026653 0.001950903225217037 0
0.00973876979139285 0.002270762636264319 0
0.009659258261133473 0.002588190457583209 0
0.009569403355102342 0.002902846779862144 0
0.009469301292110469 0.003214394661399717 0
0.009359059264287505 0.003522500487942369 0
0.009238795321119686 0.003826834333291295 0
0.009108638245112127 0.004127070307092025 0
0.008968727411318539 0.004422886910318132 0
0.008819212640019239 0.004713967374741248 0
0.008660254034460696 0.005000000005860726 0
0.008492021812224833 0.005280678511393935 0
0.008314696120635252 0.00555570233377321 0
0.008128466843727396 0.005824776971732427 0
0.007933533401348284 0.00608761429212554 0
0.007730104532532279 0.006343932842970827 0
0.007518398074321063 0.006593458151535151 0
0.007298640726542726 0.006835923020693832 0
1 2 0 23
33
34
35
36
37
38
39
40
41
42
43
44
45
46
47
48
49
50
51
52
53
54
55
0.006835923019443284 0.007298640727713994 0
0.006593458149840173 0.007518398075807523 0
0.006343932839902191 0.007730104535050646 0
0.006087614287503871 0.007933533404894617 0
0.005824776964482087 0.008128466848922917 0
0.00555570232453039 0.00831469612681111 0
0.00528067849990052 0.008492021819371903 0
0.004999999992205057 0.0086602540423448 0
0.004713967358935995 0.008819212648467325 0
0.0044228868914539 0.008968727420621353 0
0.004127070287350373 0.009108638254056957 0
0.00382683431360257 0.009238795329275025 0
0.003522500470066216 0.009359059271015616 0
0.003214394644340184 0.009469301297901403 0
0.002902846764721577 0.009569403359695187 0
0.002588190443603749 0.009659258264879258 0
0.002270762623774934 0.009738769794304969 0
0.001950903214804458 0.009807852805097845 0
0.00162895472968079 0.009866433321552962 0
0.001305261919531843 0.009914448614089445 0
0.0009801714021595055 0.009951847266833867 0
0.0006540312917115224 0.009978589232424702 0
0.0003271908273304609 0.009994645874792707 0
1 3 0 23
56
57
58
59
60
61
62
63
64
65
66
67
68
69
70
71
72
73
74
75
76
77
78
0.04997322937368341 0.001635954145208745 0
0.04989294616136151 0.003270156470183235 0
0.049759236332271 0.004900857030071543 0
0.04957224306611794 0.006526309630543275 0
0.0493321666000885 0.008144773694898657 0
0.04903926401427599 0.009754516130395007 0
0.04869384895580878 0.0113538131862771 0
0.04829629130396244 0.01294095229427891 0
0.04784701677369063 0.01451423390531402 0
0.04734650645857589 0.01607197331282104 0
0.04679529631927992 0.01761250244544446 0
0.04619397660328028 0.01913417167205295 0
0.04554319122326424 0.0206353515405284 0
0.04484363705413884 0.02211443455656659 0
0.04409606319603876 0.02356983688129716 0
0.04330127017084551 0.02500000003182891 0
0.042460109058784 0.02640339256073296 0
0.04157348059681265 0.02777851167838986 0
0.04064233421336206 0.02912388486602328 0
0.03966766700239457 0.03043807146629263 0
0.0386505226576047 0.03171966422101574 0
0.03759199036784483 0.03296729076196377 0
0.0364932036287627 0.03417961510768752 0
1 4 0 23
79
80
81
82
83
84
85
86
87
88
89
90
91
92
93
94
95
96
97
98
99
100
101
0.03417961510101696 0.03649320363501037 0
0.03296729075036454 0.0375919903780171 0
0.03171966419467328 0.0386505226792234 0
0.03043807143359082 0.03966766702748756 0
0.02912388482352858 0.04064233424381335 0
0.02777851162844998 0.04157348063018143 0
0.02640339250458676 0.04246010909369798 0
0.0249999999670203 0.04330127020826279 0
0.02356983680471288 0.04409606323697392 0
0.02211443447334346 0.04484363709517996 0
0.02063535145265747 0.04554319126307805 0
0.01913417157478826 0.04619397664356865 0
0.01761250235608505 0.04679529635291244 0
0.01607197322593735 0.04734650648806894 0
0.01451423383107309 0.04784701679621139 0
0.01294095222548831 0.04829629132239484 0
0.01135381312665028 0.04869384896971182 0
0.009754516076638801 0.04903926402496878 0
0.008144773648372239 0.04933216660777005 0
0.006526309599564462 0.04957224307019639 0
0.004900857007942374 0.04975923633445055 0
0.003270156455619233 0.04989294616231611 0
0.001635954138810413 0.04997322937389288 0
1 5 0 35
102
103
104
105
106
107
108
109
110
111
112
113
114
115
116
117
118
119
120
121
122
123
124
125
126
127
128
129
130
131
132
133
134
135
136
0.01033579340617255 0 0
0.01069173441172181 0 0
0.01106903187725562 0 0
0.01146896719403242 0 0
0.01189289862985343 0 0
0.01234226593672538 0 0
0.0128185952684424 0 0
0.01332350435905615 0 0
0.01385870800606811 0 0
0.01442602388680347 0 0
0.01502737872158304 0 0
0.01566481483440092 0 0
0.01634049711478747 0 0
0.01705672033124057 0 0
0.01781591693469892 0 0
0.01862066534063369 0 0
0.01947369865395755 0 0
0.02037791396579739 0 0
0.02133638218540893 0 0
0.02235235850256001 0 0
0.02342929340535956 0 0
0.02457084439701416 0 0
0.02578088844443513 0 0
0.02706353513660575 0 0
0.02842314064033902 0 0
0.0298643224815665 0 0
0.03139197523092391 0 0
0.03301128713731596 0 0
0.0347277577468032 0 0
0.03654721659682181 0 0
0.03847584298788881 0 0
0.04052018696545733 0 0
0.04268719157227958 0 0
0.04498421644943242 0 0
0.04741906282997513 0 0
1 6 0 35
137
138
139
140
141
142
143
144
145
146
147
148
149
150
151
152
153
154
155
156
157
158
159
160
161
162
163
164
165
166
167
168
169
170
171
0.00730850960644763 0.00730850960644763 0
0.007560197905173994 0.007560197905173994 0
0.007826987501577568 0.007826987501577568 0
0.008109784476106399 0.008109784476106399 0
0.008409549269133614 0.008409549269133614 0
0.008727299939066542 0.008727299939066542 0
0.009064115639602015 0.009064115639602015 0
0.009421140281457982 0.009421140281457982 0
0.009799586409575201 0.009799586409575201 0
0.01020073931591799 0.01020073931591799 0
0.01062596139748971 0.01062596139748971 0
0.01107669679543698 0.01107669679543698 0
0.01155447631782603 0.01155447631782603 0
0.01206092261102393 0.01206092261102393 0
0.01259775567758307 0.01259775567758307 0
0.01316679873256837 0.01316679873256837 0
0.01376998437299922 0.01376998437299922 0
0.01440936115165523 0.01440936115165523 0
0.01508710052929524 0.01508710052929524 0
0.01580550427267825 0.01580550427267825 0
0.01656701224534187 0.01656701224534187 0
0.01737421069261126 0.01737421069261126 0
0.01822984104407604 0.01822984104407604 0
0.0191368092179779 0.0191368092179779 0
0.02009819548940692 0.02009819548940692 0
0.02111726494226184 0.02111726494226184 0
0.02219747856062917 0.02219747856062917 0
0.02334250499049523 0.02334250499049523 0
0.024556232998169 0.024556232998169 0
0.02584278468910985 0.02584278468910985 0
0.02720652948860689 0.02720652948860689 0
0.02865209897822305 0.02865209897822305 0
0.03018440263056698 0.03018440263056698 0
0.03180864449775306 0.03180864449775306 0
0.03353034088458826 0.03353034088458826 0
1 7 0 35
172
173
174
175
176
177
178
179
180
181
182
183
184
185
186
187
188
189
190
191
192
193
194
195
196
197
198
199
200
201
202
203
204
205
206
0 0.01033579340617255 0
0 0.01069173441172181 0
0 0.01106903187725562 0
0 0.01146896719403242 0
0 0.01189289862985343 0
0 0.01234226593672538 0
0 0.0128185952684424 0
0 0.01332350435905615 0
0 0.01385870800606811 0
0 0.01442602388680347 0
0 0.01502737872158304 0
0 0.01566481483440092 0
0 0.01634049711478747 0
0 0.01705672033124057 0
0 0.01781591693469892 0
0 0.01862066534063369 0
0 0.01947369865395755 0
0 0.02037791396579739 0
0 0.02133638218540893 0
0 0.02235235850256001 0
0 0.02342929340535956 0
0 0.02457084439701416 0
0 0.02578088844443513 0
0 0.02706353513660575 0
0 0.02842314064033902 0
0 0.0298643224815665 0
0 0.03139197523092391 0
0 0.03301128713731596 0
0 0.0347277577468032 0
0 0.03654721659682181 0
0 0.03847584298788881 0
0 0.04052018696545733 0
0 0.04268719157227958 0
0 0.04498421644943242 0
0 0.04741906282997513 0
1 8 0 15
207
208
209
210
211
212
213
214
215
216
217
218
219
220
221
0.05269215373029162 0 0
0.05578813045919181 0 0
0.05934850380278918 0 0
0.0634429330991156 0 0
0.06815152674780259 0 0
0.07356640939263299 0 0
0.07979352436797313 0 0
0.08695470673255466 0 0
0.09519006652108668 0 0
0.1046607302335829 0 0
0.1155519934917491 0 0
0.128076946181712 0 0
0.1424806418271112 0 0
0.1590448918793683 0 0
0.1780937794367948 0 0
1 9 0 15
222
223
224
225
226
227
228
229
230
231
232
233
234
235
236
0.03831033064681705 0.03831033064681705 0
0.04170857090554836 0.04170857090554836 0
0.04561654731873727 0.04561654731873727 0
0.0501107201403326 0.0501107201403326 0
0.05527901883896128 0.05527901883896128 0
0.06122256228624644 0.06122256228624644 0
0.06805763717793277 0.06805763717793277 0
0.07591797346027253 0.07591797346027253 0
0.08495736026098644 0.08495736026098644 0
0.09535265503317222 0.09535265503317222 0
0.1073072440088831 0.1073072440088831 0
0.1210550212684675 0.1210550212684675 0
0.1368649651739809 0.1368649651739809 0
0.1550464007312699 0.1550464007312699 0
0.1759550516191845 0.1759550516191845 0
1 10 0 15
237
238
239
240
241
242
243
244
245
246
247
248
249
250
251
0 0.05269215373029162 0
0 0.05578813045919181 0
0 0.05934850380278918 0
0 0.0634429330991156 0
0 0.06815152674780259 0
0 0.07356640939263299 0
0 0.07979352436797313 0
0 0.08695470673255466 0
0 0.09519006652108668 0
0 0.1046607302335829 0
0 0.1155519934917491 0
0 0.128076946181712 0
0 0.1424806418271112 0
0 0.1590448918793683 0
0 0.1780937794367948 0
1 11 0 23
252
253
254
255
256
257
258
259
260
261
262
263
264
265
266
267
268
269
270
271
272
273
274
0.2 0.008333333333317637 0
0.2 0.01666666666663664 0
0.2 0.02499999999995712 0
0.2 0.03333333333326721 0
0.2 0.04166666666657392 0
0.2 0.04999999999988333 0
0.2 0.05833333333319274 0
0.2 0.06666666666650216 0
0.2 0.07499999999980887 0
0.2 0.08333333333311557 0
0.2 0.09166666666642499 0
0.2 0.0999999999997371 0
0.2 0.1083333333330899 0
0.2 0.1166666666664453 0
0.2 0.1249999999998008 0
0.2 0.1333333333331544 0
0.2 0.1416666666665108 0
0.2 0.1499999999998672 0
0.2 0.1583333333332236 0
0.2 0.1666666666665799 0
0.2 0.1749999999999363 0
0.2 0.1833333333332909 0
0.2 0.1916666666666454 0
1 12 0 23
275
276
277
278
279
280
281
282
283
284
285
286
287
288
289
290
291
292
293
294
295
296
297
0.1916666666666897 0.2 0
0.1833333333333795 0.2 0
0.1750000000000692 0.2 0
0.1666666666667589 0.2 0
0.1583333333334486 0.2 0
0.1500000000001384 0.2 0
0.1416666666668281 0.2 0
0.1333333333335178 0.2 0
0.1250000000002075 0.2 0
0.1166666666668972 0.2 0
0.108333333333587 0.2 0
0.100000000000274 0.2 0
0.0916666666669203 0.2 0
0.08333333333356391 0.2 0
0.07500000000020751 0.2 0
0.06666666666685292 0.2 0
0.05833333333349563 0.2 0
0.05000000000013835 0.2 0
0.04166666666678104 0.2 0
0.03333333333342375 0.2 0
0.02500000000006647 0.2 0
0.01666666666671096 0.2 0
0.008333333333355508 0.2 0
2 1 0 805
298
299
300
301
302
303
304
305
306
307
308
309
310
311
312
313
314
315
316
317
318
319
320
321
322
323
324
325
326
327
328
329
330
331
332
333
334
335
336
337
338
339
340
341
342
343
344
345
346
347
348
349
350
351
352
353
354
355
356
357
358
359
360
361
362
363
364
365
366
367
368
369
370
371
372
373
374
375
376
377
378
379
380
381
382
383
384
385
386
387
388
389
390
391
392
393
394
395
396
397
398
399
400
401
402
403
404
405
406
407
408
409
410
411
412
413
414
415
416
417
418
419
420
421
422
423
424
425
426
427
428
429
430
431
432
433
434
435
436
437
438
439
440
441
442
443
444
445
446
447
448
449
450
451
452
453
454
455
456
457
458
459
460
461
462
463
464
465
466
467
468
469
470
471
472
473
474
475
476
477
478
479
480
481
482
483
484
485
486
487
488
489
490
491
492
493
494
495
496
497
498
499
500
501
502
503
504
505
506
507
508
509
510
511
512
513
514
515
516
517
518
519
520
521
522
523
524
525
526
527
528
529
530
531
532
533
534
535
536
537
538
539
540
541
542
543
544
545
546
547
548
549
550
551
552
553
554
555
556
557
558
559
560
561
562
563
564
565
566
567
568
569
570
571
572
573
574
575
576
577
578
579
580
581
582
583
584
585
586
587
588
589
590
591
592
593
594
595
596
597
598
599
600
601
602
603
604
605
606
607
608
609
610
611
612
613
614
615
616
617
618
619
620
621
622
623
624
625
626
627
628
629
630
631
632
633
634
635
636
637
638
639
640
641
642
643
644
645
646
647
648
649
650
651
652
653
654
655
656
657
658
659
660
661
662
663
664
665
666
667
668
669
670
671
672
673
674
675
676
677
678
679
680
681
682
683
684
685
686
687
688
689
690
691
692
693
694
695
696
697
698
699
700
701
702
703
704
705
706
707
708
709
710
711
712
713
714
715
716
717
718
719
720
721
722
723
724
725
726
727
728
729
730
731
732
733
734
735
736
737
738
739
740
741
742
743
744
745
746
747
748
749
750
751
752
753
754
755
756
757
758
759
760
761
762
763
764
765
766
767
768
769
770
771
772
773
774
775
776
777
778
779
780
781
782
783
784
785
786
787
788
789
790
791
792
793
794
795
796
797
798
799
800
801
802
803
804
805
806
807
808
809
810
811
812
813
814
815
816
817
818
819
820
821
822
823
824
825
826
827
828
829
830
831
832
833
834
835
836
837
838
839
840
841
842
843
844
845
846
847
848
849
850
851
852
853
854
855
856
857
858
859
860
861
862
863
864
865
866
867
868
869
870
871
872
873
874
875
876
877
878
879
880
881
882
883
884
885
886
887
888
889
890
891
892
893
894
895
896
897
898
899
900
901
902
903
904
905
906
907
908
909
910
911
912
913
914
915
916
917
918
919
920
921
922
923
924
925
926
927
928
929
930
931
932
933
934
935
936
937
938
939
940
941
942
943
944
945
946
947
948
949
950
951
952
953
954
955
956
957
958
959
960
961
962
963
964
965
966
967
968
969
970
971
972
973
974
975
976
977
978
979
980
981
982
983
984
985
986
987
988
989
990
991
992
993
994
995
996
997
998
999
1000
1001
1002
1003
1004
1005
1006
1007
1008
1009
1010
1011
1012
1013
1014
1015
1016
1017
1018
1019
1020
1021
1022
1023
1024
1025
1026
1027
1028
1029
1030
1031
1032
1033
1034
1035
1036
1037
1038
1039
1040
1041
1042
1043
1044
1045
1046
1047
1048
1049
1050
1051
1052
1053
1054
1055
1056
1057
1058
1059
1060
1061
1062
1063
1064
1065
1066
1067
1068
1069
1070
1071
1072
1073
1074
1075
1076
1077
1078
1079
1080
1081
1082
1083
1084
1085
1086
1087
1088
1089
1090
1091
1092
1093
1094
1095
1096
1097
1098
1099
1100
1101
1102
0.01033025949291703 0.0003381776812229332 0
0.01031366367900102 0.0006759932333497544 0
0.01028602373562532 0.001013084915114098 0
0.01024736926032347 0.00134909176028052 0
0.01019774164526025 0.00168365396432985 0
0.01013719403301613 0.002016413269164032 0
0.0100657912594013 0.002347013348329919 0
0.009983609784379725 0.002675100186594076 0
0.009890737609851858 0.00300032246069316 0
0.009787274185588977 0.003322331914661942 0
0.009673330303161884 0.003640783731699469 0
0.009549027976081103 0.003955336906901575 0
0.009414500311284714 0.004265654606727671 0
0.009269891363945796 0.004571404536432963 0
0.009115355985200257 0.004872259290939916 0
0.00895105965450344 0.005167896709164873 0
0.008777178305166904 0.005458000213849708 0
0.008593898133745463 0.005742259154886868 0
0.008401415400524548 0.00602036914174742 0
0.008199936221693878 0.006292032366034693 0
0.007989676345594552 0.006556957924809498 0
0.007770860924123063 0.006814862128686992 0
0.007543724269508927 0.007065468808274279 0
0.01068600992319326 0.0003498237444935235 0
0.01066884258753067 0.0006992728889983198 0
0.01064025078793443 0.001047973234704494 0
0.01060026514120847 0.00139555138453471 0
0.01054892846497046 0.001741635143114648 0
0.01048629573190738 0.002085853914773722 0
0.01041243401062718 0.002427839101985614 0
0.01032742239419739 0.002767224498053255 0
0.01023135191510787 0.003103646680924587 0
0.01012432544794772 0.003436745401514886 0
0.01000645759969531 0.003766163968323136 0
0.009877874585726859 0.004091549633017654 0
0.009738714096879323 0.004412553962280725 0
0.009589125149252236 0.004728833217906246 0
0.00942926792668836 0.005040048719756724 0
0.009259313607424349 0.005345867212170667 0
0.009079444183445133 0.005645961215816079 0
0.00888985226349048 0.005940009382493271 0
0.008690740866670725 0.006227696839054884 0
0.00848232320729876 0.006508715521338727 0
0.00826482246358071 0.006782764508390838 0
0.008038471541159062 0.007049550341175702 0
0.00780351282140873 0.007308787339696245 0
0.01106310537893784 0.0003621685715489494 0
0.01104533223022444 0.0007239493239630114 0
0.01101573146303533 0.001084954853436163 0
0.01097433477460113 0.001444798586198673 0
0.01092118649351952 0.001803095192569778 0
0.0108563435323904 0.002159460999052017 0
0.01077987532658729 0.002513514400781533 0
0.01069186376026757 0.002864876268109808 0
0.01059240307834583 0.003213170354268755 0
0.01048159978571806 0.00355802369746701 0
0.01035957253369466 0.003899067019021493 0
0.01022645199162947 0.00423593512256736 0
0.01008238070929224 0.004568267279023163 0
0.009927512961364578 0.004895707620113823 0
0.009762014584358467 0.005217905514138296 0
0.009586062797218782 0.005534515945182596 0
0.009399846014124172 0.005845199877716442 0
0.009203563640730498 0.006149624623562486 0
0.008997425860502463 0.006447464197997847 0
0.008781653411763513 0.0067383996657489 0
0.008556477348376704 0.00702211948676602 0
0.008322138794955261 0.007298319846184003 0
0.008078888686168219 0.00756670498276535 0
0.01146282656533628 0.0003752540883360254 0
0.01144441125478369 0.0007501063452421171 0
0.0114137409819373 0.001124155369616242 0
0.01137084858927997 0.001497000620394612 0
0.01131578000704823 0.001868242845531521 0
0.01124859420414969 0.002237484509032905 0
0.01116936312472943 0.002604330218256999 0
0.01107817161150004 0.002968387145226639 0
0.01097511731454639 0.003329265448974633 0
0.01086031058688981 0.003686578692240466 0
0.01073387436683264 0.00403994425392796 0
0.01059594404494507 0.004388983742757017 0
0.01044666732146569 0.004733323396136517 0
0.01028620404517306 0.00507259448791816 0
0.01011472604440868 0.005406433717743435 0
0.009932416941268139 0.005734483603830613 0
0.009739471957455515 0.006056392861079121 0
0.009536097703357753 0.006371816780935203 0
0.009322511956655278 0.006680417600405822 0
0.009098943431122775 0.00698186486083913 0
0.008865631528819719 0.007275835765944025 0
0.008622826086468399 0.007562015523675725 0
0.008370787105229677 0.007840097686681795 0
0.01188653102295621 0.0003891247361315591 0
0.01186743502085402 0.0007778327878004345 0
0.0118356310720108 0.00116570791677082 0
0.01179115323287682 0.001552334776647227 0
0.01173404913142577 0.001937299357677108 0
0.01166437991625143 0.002320189429619999 0
0.01158222019079674 0.002700594984789551 0
0.01148765793384281 0.003078108674980232 0
0.01138079440495499 0.003452326249373805 0
0.01126174403616748 0.003822846986712444 0
0.01113063430999412 0.004189274122942089 0
0.01098760562149439 0.004551215280172478 0
0.01083281113040382 0.004908282880292224 0
0.01066641659404383 0.005260094567807422 0
0.01048860019209511 0.00560627361358265 0
0.01029955233399307 0.005946449322016356 0
0.01009947545741871 0.006280257423463465 0
0.009888583809773963 0.006607340467771221 0
0.009667103218607878 0.00692734820698023 0
0.009435270851673481 0.007239937967657721 0
0.009193334960118444 0.007544775021896621 0
0.008941554615500658 0.007841532941841801 0
0.008680199429462326 0.008129893952858992 0
0.01233565773294309 0.0004038276223008305 0
0.01231584019782259 0.0008072228159247916 0
0.01228283455246314 0.001209753615274805 0
0.01223667614012037 0.00161098898030431 0
0.01217741438836935 0.002010499258092028 0
0.01210511275627112 0.002407856642496836 0
0.01201984866612425 0.002802635633885649 0
0.01192171342094236 0.003194413492611381 0
0.01181081210634001 0.003582770693414196 0
0.01168726347810486 0.003967291373999632 0
0.01155119983561478 0.004347563778778785 0
0.01140276687868775 0.004723180704055094 0
0.01124212355412584 0.00509373992726621 0
0.01106944188230569 0.005458844645812352 0
0.01088490677532734 0.005818103896055053 0
0.01068871583720611 0.006171132975744223 0
0.01048107915455833 0.00651755385161808 0
0.01026221907002151 0.006856995567429382 0
0.01003236994400519 0.007189094641154833 0
0.009791777905479106 0.007513495451694329 0
0.009540700585624118 0.007829850623628284 0
0.009279406844923524 0.008137821395143015 0
0.009008176482129409 0.008437077984685924 0
0.01281173203196923 0.0004194126811963532 0
0.01279114967187109 0.0008383762448492749 0
0.0127568702282407 0.001256442054359215 0
0.01270893040834737 0.001673162434409946 0
0.01264738154734354 0.002088091150321813 0
0.01257228955338547 0.002500783885499461 0
0.0124837348367586 0.002910798718846732 0
0.01238181222416296 0.003317696595788958 0
0.01226663085682511 0.003721041800158672 0
0.01213831407371129 0.004120402420163032 0
0.01199699928007505 0.004515350809186644 0
0.01184283779877824 0.004905464048178739 0
0.01167599471091332 0.005290324391459369 0
0.01149664867569522 0.005669519722496973 0
0.0113049917415883 0.006042643989080282 0
0.0111012291388624 0.006409297641912182 0
0.01088557906200504 0.006769088058297589 0
0.0106582724346032 0.007121629965529522 0
0.01041955266189829 0.007466545853477341 0
0.0101696753717495 0.007803466376513965 0
0.009908908138172561 0.008132030752856925 0
0.00963753019791142 0.008451887146696854 0
0.009355832148054336 0.008762693049148066 0
0.01331637078793116 0.0004359328435926788 0
0.01329497771335835 0.0008713988794434061 0
0.01325934804356345 0.001305931799690046 0
0.0132095199316703 0.00173906629563056 0
0.0131455467348633 0.002170338555921447 0
0.01306749695733968 0.002599286762885906 0
0.01297545417665097 0.00302545158867695 0
0.01286951695460476 0.003448376684896714 0
0.01274979873137631 0.003867609173015672 0
0.01261642770410116 0.004282700128772739 0
0.0124695466902611 0.004693205061064473 0
0.01230931297314443 0.00509868439256467 0
0.0121358981361914 0.005498703923088769 0
0.01194948787578554 0.005892835303337554 0
0.01175028180493739 0.00628065648721261 0
0.01153849323774653 0.00666175218754702 0
0.01131434896304394 0.007035714316846423 0
0.01107808900022303 0.007402142426956543 0
0.01082996634204695 0.007760644137952997 0
0.01057024668519771 0.008110835556210125 0
0.01029920814309597 0.008452341689200837 0
0.01001714095132195 0.008784796842680357 0
0.009724347153200225 0.00910784501678997 0
0.01385128788020629 0.0004534442160913876 0
0.01382903544827268 0.0009064028728300079 0
0.01379197453871404 0.001358390930815001 0
0.01374014483726002 0.001808924389954987 0
0.013673601844449 0.002257520807642405 0
0.01359241681628164 0.002703699815053741 0
0.01349667668761162 0.003146983633185755 0
0.01338648397946059 0.003586897582187612 0
0.01326195668888957 0.004022970591425634 0
0.01312322816269365 0.004454735703422026 0
0.01297044695531665 0.004881730571915654 0
0.01280377666809905 0.005303497961807993 0
0.01262339577696991 0.005719586231139226 0
0.01242949743771165 0.006129549823876076 0
0.01222228928175385 0.00653294974039941 0
0.01200199319205586 0.00692935401139997 0
0.01176884506745289 0.007318338156695833 0
0.01152309456889335 0.007699485642158254 0
0.01126500485191366 0.008072388325881162 0
0.01099485228614822 0.008436646893360093 0
0.01071292615678717 0.008791871288678345 0
0.0104195283581774 0.009137681127649308 0
0.01011497306665424 0.009473706109982563 0
0.01441830001291266 0.0004720062714276538 0
0.0143951366621527 0.0009435071067945536 0
0.0143565586384047 0.001413997611268271 0
0.01430260725196045 0.001882973971884202 0
0.01423334027531364 0.002349933996894365 0
0.01414883188137666 0.002814377653259212 0
0.01404917256374352 0.003275807603749361 0
0.01393446904020292 0.003733729737173321 0
0.01380484413811492 0.004187653699266507 0
0.01366043666291383 0.004637093417340905 0
0.01350140125022341 0.005081567618667734 0
0.01332790819851964 0.00552060035090931 0
0.0131401432897699 0.005953721483823574 0
0.01293830758671959 0.00638046722223865 0
0.0127226172203228 0.00680038059580298 0
0.01249330315653038 0.007213011952135953 0
0.01225061095078232 0.007617919434806379 0
0.0119948004840756 0.008014669458552134 0
0.01172614568448658 0.008402837173766105 0
0.01144493423497949 0.008782006919811871 0
0.01115146726282044 0.00915177267357933 0
0.01084605902064931 0.009511738479543114 0
0.01052903654579316 0.009861518878954794 0
0.01501933287478086 0.000491682050123352 0
0.01499520395006303 0.0009828375948754422 0
0.01495501778527106 0.001472940692666335 0
0.01489881741273269 0.001961466528885772 0
0.01482666301321417 0.002447891977696882 0
0.01473863185155436 0.002931696161991076 0
0.014634818193612 0.003412361012819225 0
0.01451533320574892 0.003889371821768701 0
0.01438030483544211 0.004362217793926109 0
0.01422987767428351 0.004830392594480576 0
0.01406421280394765 0.00529339488864756 0
0.01388348762187409 0.005750728883815844 0
0.01368789565443087 0.006201904852164139 0
0.0134776463457442 0.006646439665033626 0
0.01325296483626411 0.007083857303096332 0
0.01301409171991252 0.00751368936991598 0
0.01276128278813046 0.007935475590237124 0
0.01249480875516644 0.008348764304596202 0
0.01221495496798918 0.008753112953222985 0
0.01192202110169254 0.009148088548581127 0
0.01161632083614319 0.009533268142335497 0
0.0112981815237716 0.009908239273341609 0
0.0109679438345561 0.01027260041488551 0
0.01565642769631917 0.0005125383751466122 0
0.01563127526322539 0.001024527911453247 0
0.01558938446895909 0.001535420357767433 0
0.01553080017120604 0.002044668637734937 0
0.01545558510350139 0.002551727435385084 0
0.01536381980812598 0.003056053778896524 0
0.01525560254953915 0.003557107623697608 0
0.01513104920959005 0.004054352428321709 0
0.01499029316307961 0.004547255730768118 0
0.0148334851349267 0.005035289718376121 0
0.0146607930396195 0.005517931790582487 0
0.01447240179949891 0.005994665124086439 0
0.01426851314999746 0.006464979217633102 0
0.01404934541950486 0.006928370449067887 0
0.01381513329853665 0.007384342607148194 0
0.01356612758666388 0.007832407426739128 0
0.01330259492548851 0.008272085108631883 0
0.01302481751250544 0.008702904834709761 0
0.01273309279870904 0.009124405272429964 0
0.01242773317085038 0.009536135067742585 0
0.01210906561455243 0.009937653331574276 0
0.01177743136802346 0.01032853010682465 0
0.01143318555185184 0.0107083468347366 0
0.01633174820794893 0.00053464607969741 0
0.01630551085597532 0.001068719647077975 0
0.01626181315446407 0.001601648802852911 0
0.01620070189598045 0.002132862873219339 0
0.01612224251999465 0.002661793020664728 0
0.016026519042876 0.003187872852972172 0
0.01591363396760046 0.003710539031410119 0
0.01578370817443383 0.004229231871474691 0
0.01563688079114032 0.004743395944052575 0
0.01547330904396542 0.00525248066996222 0
0.01529316809017978 0.005755940906914945 0
0.01509665082851969 0.006253237539079022 0
0.01488396769602609 0.006743838045359944 0
0.01465534643840799 0.007227217080497571 0
0.0144110318692504 0.0077028570298198 0
0.01415128560611247 0.008170248567371148 0
0.01387638579176671 0.008628891198552233 0
0.01358662679594924 0.009078293797074009 0
0.01328231889992166 0.009517975131254734 0
0.01296378796479165 0.009947464378540095 0
0.0126313750802839 0.01036630163267424 0
0.01228543620353117 0.01077403839084345 0
0.01192634177276847 0.01117023804032491 0
0.01704758794952026 0.0005580802464965229 0
0.0170202005835353 0.001115562886790748 0
0.01697458756034643 0.001671850954569425 0
0.01691079772349125 0.00222634876273414 0
0.0168288993807311 0.002778462540938018 0
0.01672898023096909 0.003327601071344888 0
0.01661114727000877 0.003873176323413735 0
0.01647552667643758 0.004414604081021204 0
0.01632226367616085 0.004951304569914674 0
0.01615152238683024 0.005482703078400509 0
0.01596348564306582 0.006008230569961087 0
0.01575835479858298 0.006527324298681888 0
0.01553634951412757 0.007039428402438429 0
0.01529770751776705 0.007543994509478718 0
0.01504268435354005 0.008040482317495374 0
0.01477155310607308 0.00852836017606314 0
0.01448460410937948 0.009007105653468649 0
0.01418214463577099 0.009476206096760167 0
0.01386449856659245 0.009935159181168701 0
0.01353200604576957 0.01038347344752531 0
0.01318502311337487 0.01082066883136067 0
0.01282392132860097 0.01124627717140501 0
0.01244908736638839 0.01165984271773181 0
0.0178063780696071 0.000582920463107825 0
0.01777777168877965 0.001165216720494982 0
0.01773012842462849 0.001746265234802495 0
0.01766349929472179 0.002325443804838893 0
0.01757795564720951 0.002902132231453101 0
0.01747358908448052 0.003475712981652744 0
0.01735051136473564 0.00404557185157897 0
0.01720885428278315 0.004611098621591999 0
0.01704876952855793 0.005171687711591729 0
0.0168704285246021 0.005726738829421925 0
0.01667402224352608 0.006275657610682486 0
0.01645976100132304 0.006817856261571335 0
0.01622787423586595 0.0073527541784724 0
0.01597861025652213 0.007879778581552518 0
0.01571223598161096 0.008398365119611114 0
0.01542903665085027 0.00890795847828515 0
0.01512931552096854 0.009408012972520608 0
0.01481339354100762 0.009897993131103511 0
0.01448160900840045 0.01037737427059254 0
0.01413431720685972 0.0108456430570074 0
0.01377189002382649 0.0113022980581727 0
0.01339471555667678 0.01174685027485537 0
0.01300319769125874 0.01217882367169317 0
0.01861069560316469 0.0006092510929209107 0
0.01858079706659415 0.001217849784631461 0
0.01853100174700616 0.001825144372463988 0
0.01846136296644143 0.002430484550288157 0
0.01837195529586176 0.003033222104420231 0
0.01826287447535106 0.003632711607802031 0
0.01813423731125122 0.004228311112857592 0
0.0179861815515647 0.004819382836219497 0
0.01781886573809773 0.005405293843589107 0
0.01763246903657641 0.005985416727519626 0
0.01742719104588099 0.006559130276055314 0
0.01720325158201914 0.007125820144633067 0
0.01696089044661865 0.007684879503655536 0
0.01670036716522481 0.00823570970072331 0
0.01642196071289469 0.008777720892808833 0
0.01612596921374301 0.009310332681774818 0
0.0158127096225764 0.009832974734025977 0
0.01548251738577072 0.01034508739099014 0
0.01513574608181246 0.01084612226903317 0
0.01477276704258859 0.01133554284687454 0
0.01439396895375099 0.01181282504257025 0
0.01399975744315019 0.01227745776864596 0
0.01359055464019662 0.01272894348717743 0
0.0194632721917672 0.0006371615606220964 0
0.0194320039701042 0.001273640832814653 0
0.01937992747174517 0.001908756258682689 0
0.01930709846147164 0.002541827740860574 0
0.01921359492642608 0.003172177370259839 0
0.01909951699264907 0.00379913015211245 0
0.01896498681751211 0.004422014730502194 0
0.01881014845940347 0.00504016410451026 0
0.01863516772311308 0.005652916344387459 0
0.01844023198214206 0.00625961530047889 0
0.0182255499792167 0.00685961130241973 0
0.0179913516003601 0.007452261861840101 0
0.01773788763278022 0.008036932349602399 0
0.01746542949117099 0.008612996688386882 0
0.0171742689307315 0.009179838013829305 0
0.01686471773303723 0.009736849338991582 0
0.01653710737285769 0.01028343420282458 0
0.01619178866374286 0.01081900730815637 0
0.015829131382096 0.01134299514914831 0
0.01544952387086895 0.0118548366259816 0
0.01505337262181709 0.01235398364795734 0
0.01464110184509399 0.01283990171406543 0
0.01421315300828614 0.01331207049366578 0
0.02036700337540256 0.0006667466563760676 0
0.02033428328754198 0.001332779343870274 0
0.02027978873968639 0.001997384858046695 0
0.02020357808592259 0.002659851522830293 0
0.02010573293454453 0.003319469952003595 0
0.01998635806070687 0.003975533809026126 0
0.0198455812938725 0.004627340565141027 0
0.01968355338143866 0.005274192248825015 0
0.01950044782695798 0.005915396195151326 0
0.01929646070417311 0.00655026578772448 0
0.01907181044828715 0.007178121190266042 0
0.01882673761953951 0.007798290081970953 0
0.01856150464985314 0.008410108366188941 0
0.01827639555641957 0.009012920895184743 0
0.01797171564138838 0.00960608216197722 0
0.01764779116324344 0.01018895699549945 0
0.01730496898791497 0.01076092123960123 0
0.01694361621815744 0.0113213624201949 0
0.01656411980016595 0.01186968040190506 0
0.01616688610862104 0.01240528803166229 0
0.01575234050974781 0.01292761176948761 0
0.01532092691094106 0.01343609229602294 0
0.01487310727825391 0.01393018512034941 0
0.02132495841912319 0.0006981068575173497 0
0.02129069935311071 0.001395466164873762 0
0.02123364167281799 0.002091331172300292 0
0.02115384647699537 0.002784956730290316 0
0.02105139921235736 0.003475600086869994 0
0.02092640958211949 0.00416252168322045 0
0.02077901142816141 0.004844985947374112 0
0.02060936258822982 0.00552226207896733 0
0.0204176447265657 0.006193624833785484 0
0.02020406313916761 0.006858355300688452 0
0.01996884653526394 0.007515741667529725 0
0.01971224678976336 0.008165079991123324 0
0.01943453867798646 0.008805674939255909 0
0.0191360195757721 0.0094368405495521 0
0.01881700914503723 0.0100579009538572 0
0.01847784898978846 0.01066819110592808 0
0.01811890229058611 0.01126705749280772 0
0.01774055341674129 0.01185385883287813 0
0.01734320751442817 0.01242796676345524 0
0.01692729007195955 0.01298876651502432 0
0.01649324646249818 0.01353565757136979 0
0.01604154147251433 0.01406805430568503 0
0.01557265879643547 0.01458538661715595 0
0.02234039076982755 0.0007313486708698392 0
0.02230450038696703 0.001461914195422766 0
0.02224472578627927 0.002190914265836686 0
0.02216113097585799 0.002917568250767336 0
0.02205380547114345 0.003641098030538977 0
0.02192286419909576 0.004360728830717477 0
0.0217684473747564 0.005075690053531755 0
0.02159072035164248 0.00578521610004723 0
0.02138987344432467 0.006488547192004 0
0.0211661217243929 0.007184930185832472 0
0.02091970479154238 0.007873619374965845 0
0.02065088651423116 0.008553877296494213 0
0.0203599547517815 0.009224975508507238 0
0.02004722104019846 0.009886195385110885 0
0.01971302026275245 0.01053682887530636 0
0.01935771028970423 0.01117617926516357 0
0.01898167159512217 0.01180356192351019 0
0.01858530685086741 0.0124183050327459 0
0.01816904049509212 0.01301975030923936 0
0.0177333182765593 0.01360725371004366 0
0.01727860677578573 0.0141801861241323 0
0.01680539291106176 0.01473793403880309 0
0.01631418340889182 0.0152799002067529 0
0.02341674906818987 0.0007665849932399274 0
0.02337912948945968 0.001532349108237378 0
0.0233164749531353 0.002296472345633683 0
0.02322885255121454 0.003058136463336457 0
0.02311635611198696 0.003816525851905716 0
0.02297910609958197 0.004570828408354923 0
0.02281724948459256 0.005320236407561051 0
0.02263095958725261 0.006063947364104106 0
0.0224204358914823 0.006801164893635965 0
0.02218590383099843 0.00753109956621157 0
0.02192761454939113 0.008252969747178394 0
0.02164584462828092 0.008966002442718935 0
0.02134089579603185 0.009669434114643837 0
0.02101309459842526 0.01036251151372908 0
0.02066279205336636 0.01104449247516089 0
0.0202903632733454 0.01171464671726083 0
0.01989620706354936 0.01237225662354813 0
0.01948074549654261 0.01301661800828099 0
0.019044423459974 0.01364704087162377 0
0.01858770817868399 0.01426285014079128 0
0.01811108871298472 0.01486338639425722 0
0.017615075440896 0.01544800656026995 0
0.01710019950292393 0.01601608461624775 0
0.024557688859144 0.000803935494778508 0
0.02451823633280059 0.001607010115473627 0
0.02445252906471577 0.002408363909698106 0
0.02436063741582555 0.003207138767966733 0
0.0242426597860398 0.00400247934168961 0
0.0240987225088873 0.004793533959614837 0
0.0239289797158457 0.005579455541626508 0
0.02373361317186851 0.00635940250263027 0
0.02351283208038641 0.007132539655824666 0
0.0232668728589706 0.007898039107706829 0
0.02299599888773981 0.008655081139853527 0
0.02270050022426667 0.009402855095685411 0
0.02238069329809952 0.0101405602349575 0
0.02203692056538241 0.01086740660771619 0
0.02166955014673336 0.01158261588850398 0
0.02127897543140586 0.01228542221382937 0
0.02086561465557249 0.01297507300278476 0
0.02042991045654292 0.0136508297593986 0
0.01997232939843248 0.0143119688646588 0
0.01949336147072352 0.01495778235415177 0
0.01899351956231119 0.01558757867722159 0
0.01847333891852839 0.01620068342952431 0
0.01793337655872291 0.01679644008668309 0
0.0257670850338244 0.0008435270262872135 0
0.02572568958301694 0.001686150782899801 0
0.02565674641927598 0.002526968967240347 0
0.02556032936861201 0.003365081210387372 0
0.02543654167685247 0.0041995900402522 0
0.02528551589908943 0.005029601843221775 0
0.02510741375733822 0.005854227822887872 0
0.0249024259679552 0.006672584948501435 0
0.02467077203705209 0.007483796902660611 0
0.02441270002508574 0.008286995020491374 0
0.02412848628289515 0.009081319214773682 0
0.02381843515256216 0.009865918906400723 0
0.02348287864689035 0.01063995392094872 0
0.02312217608700826 0.01140259540569077 0
0.02273671372240946 0.0121530267048872 0
0.02232690431571631 0.01289044423832473 0
0.02189318669994612 0.01361405836280348 0
0.02143602531103853 0.01432309421350844 0
0.0209559096901632 0.01501679253510064 0
0.02045335395732285 0.01569441049804043 0
0.01992889625971057 0.01635522249479462 0
0.01938309820201104 0.01699852090847154 0
0.01881654423514416 0.01762361688279159 0
0.02704904498088912 0.0008854940497488639 0
0.02700559003014683 0.001770039890496326 0
0.02693321681700536 0.002652690328422125 0
0.02683200284045426 0.003532500199602274 0
0.02670205648299347 0.004408527381039327 0
0.02654351689457223 0.005279833800217337 0
0.02635655384317578 0.006145486441458146 0
0.02614136753364755 0.007004558341618664 0
0.02589818839294118 0.007856129584860542 0
0.02562727682297232 0.008699288288656267 0
0.02532892292354346 0.009533131574861093 0
0.02500344617831621 0.01035676654648907 0
0.0246511951183448 0.01116931122888681 0
0.02427254694164131 0.01196989553238767 0
0.02386790711430736 0.0127576621711528 0
0.02343770893473646 0.01353176758524378 0
0.02298241306860131 0.01429138284543084 0
0.02250250705838934 0.01503569453592488 0
0.02199850480094785 0.01576390562688032 0
0.02147094599463121 0.01647523633172391 0
0.02092039556042835 0.01716892494263245 0
0.02034744304393686 0.01784422863741364 0
0.01975270197354311 0.01850042428797091 0
0.02840792253480474 0.0009299790949464241 0
0.02836228451411535 0.00185896234520471 0
0.02828627544858251 0.002785954972258036 0
0.02817997673055346 0.003709964329479399 0
0.02804350218740113 0.004630000963907712 0
0.02787699795962337 0.005545079676589612 0
0.02768064234393364 0.006454220579420473 0
0.02745464560297169 0.007356450140919181 0
0.02719924973978364 0.008250802230904356 0
0.02691472823823165 0.009136319156135456 0
0.02660138577201958 0.01001205268008723 0
0.02625955787488375 0.01087706504882148 0
0.02588961058722412 0.01173042997944111 0
0.02549194005654955 0.01257123367112305 0
0.02506697211856632 0.01339857577012298 0
0.02461516183958548 0.01421157033799354 0
0.02413699302789466 0.01500934680231297 0
0.0236329777189221 0.01579105088325929 0
0.02310365562653363 0.0165558455100097 0
0.02254959356213653 0.01730291172153495 0
0.02197138482694351 0.01803144954370423 0
0.02136964858392012 0.01874067883670623 0
0.0207450291835674 0.01942984014431817 0
0.02984833274922157 0.0009771332430936837 0
0.02980038067437658 0.001953220147671035 0
0.02972051760528937 0.002927215495436618 0
0.02960882906126649 0.00389807630809799 0
0.02946543464124618 0.004864762962932341 0
0.02929048789570789 0.005826240306962397 0
0.02908417616181704 0.006781478767311231 0
0.02884672036347748 0.007729455450059166 0
0.02857837477439353 0.008669155237820971 0
0.02827942674529061 0.009599571878000037 0
0.02795019639820815 0.01051970905418754 0
0.02759103627996176 0.01142858146407567 0
0.02720233099085798 0.01232521585802876 0
0.02678449676487231 0.01320865210139768 0
0.02633798102949212 0.01407794418845809 0
0.02586326192502116 0.01493216125954294 0
0.02536084779091899 0.01577038860044671 0
0.02483127662513127 0.01659172861547238 0
0.02427511550756357 0.01739530179036103 0
0.02369295998945944 0.01818024763915992 0
0.02308543345506894 0.01894572562545188 0
0.02245318646176779 0.01969091605274935 0
0.02179689603149878 0.02041502095701548 0
0.03137516757416085 0.001027116640053023 0
0.03132476260191461 0.00205313341813191 0
0.03124081428906597 0.003076951649775977 0
0.03112341252949831 0.004097475005127494 0
0.03097268304000914 0.005113610681516307 0
0.03078878722565835 0.006124270574699888 0
0.03057192200649041 0.007128372445942737 0
0.03032231960734915 0.008124841077140385 0
0.03004024730883653 0.009112609424471603 0
0.02972600716055302 0.01009061976242243 0
0.02937993565977373 0.01105782480990753 0
0.02900240338717825 0.01201318886334737 0
0.02859381461657411 0.01295568888836349 0
0.02815460687359139 0.01388431563645121 0
0.02768525047300542 0.01479807471078745 0
0.02718624801355212 0.01569598763521233 0
0.02665813383773328 0.01657709290522965 0
0.02610147346376299 0.01744044701031491 0
0.02551686297954889 0.01828512544616698 0
0.02490492840056094 0.01911022371041425 0
0.02426632499906873 0.01991485827061613 0
0.02360173661052272 0.02069816750020823 0
0.02291187488859386 0.02145931261687094 0
0.03299361248067404 0.001080099040570643 0
0.03294060743719526 0.002159041484302156 0
0.0328523287659808 0.003235671972598972 0
0.03272887099796542 0.004308837622944427 0
0.03257036633487737 0.005377389261924466 0
0.03237698450763185 0.006440182656955657 0
0.03214893259412503 0.007496079743492689 0
0.0318864547981971 0.008543949839795496 0
0.03158983218776137 0.009582670860020943 0
0.03125938239322589 0.01061113051736296 0
0.03089545926961541 0.01162822750817935 0
0.0304984525135053 0.01263287270354285 0
0.03006878725261403 0.01362399029724786 0
0.02960692358172542 0.0146005189801031 0
0.02911335607613989 0.01556141306072105 0
0.02858861326053139 0.0165056435894597 0
0.0280332570406263 0.01743219946411497 0
0.02744788210612312 0.01834008850444546 0
0.02683311529341154 0.01922833851670554 0
0.02618961491004131 0.02009599834111982 0
0.0255180700295826 0.02094213886946312 0
0.02481919976224492 0.0217658540292898 0
0.02409375247133089 0.02256626177090074 0
0.03470916407029562 0.00113626038474988 0
0.03465340295132837 0.002271304033704132 0
0.03456053410027622 0.003403915513684604 0
0.03443065696334835 0.004532881996356564 0
0.03426391061629961 0.005656994555317811 0
0.0340604736154517 0.006775049461943944 0
0.03382056380602357 0.007885849476331652 0
0.03354443808959141 0.008988205125287505 0
0.03323239214861853 0.01008093597842554 0
0.03288476012916882 0.01116287191397044 0
0.03250191428548165 0.01223285436437011 0
0.0320842645769817 0.01328973756982904 0
0.0316322582365329 0.01433238978600527 0
0.0311463792822219 0.01535969451938007 0
0.03062714800550553 0.01637055170632797 0
0.03007512041255186 0.01736387889531624 0
0.02949088762610519 0.0183386124105708 0
0.02887507525763721 0.01929370848195069 0
0.02822834273692842 0.02022814436489942 0
0.02755138260113297 0.02114091944279395 0
0.02684491975319933 0.02203105629707771 0
0.02610971069458139 0.02289760174267131 0
0.02534654270079107 0.02373962786645359 0
0.03652764875925476 0.001195791409709729 0
0.03646896620026364 0.002390302336329803 0
0.03637123175857319 0.003582253667624393 0
0.03623455009058348 0.004770369032691475 0
0.03605906755851762 0.00595337616696127 0
0.03584497207362818 0.007130008276005824 0
0.03559249289449631 0.008299005394042195 0
0.03530190038229838 0.009459115728936263 0
0.03497350571092078 0.01060909700508654 0
0.03460766053302254 0.01174771779565014 0
0.0342047566060106 0.01287375883333038 0
0.03376522536792998 0.01398601432961127 0
0.03328953748309885 0.01508329324572616 0
0.03277820232830486 0.01616442059276908 0
0.03223176745413077 0.01722823867254226 0
0.03165081799712843 0.01827360832150869 0
0.03103597605008121 0.01929941013590991 0
0.0303879000015405 0.02030454566031133 0
0.02970728383028108 0.02128793856629685 0
0.02899485635683781 0.02224853581298478 0
0.02825138046330033 0.02318530877286717 0
0.02747765228584158 0.02409725432147276 0
0.02667450034691552 0.02498339593045291 0
0.0384552425395931 0.001258894296495697 0
0.03839346325416031 0.002516440537769718 0
0.03829057128636612 0.003771292111784746 0
0.0381466768154131 0.005022105292517074 0
0.03796193392718061 0.006267540676938949 0
0.0377365404491481 0.007506264620870286 0
0.03747073773806064 0.008736950669095404 0
0.03716481042227091 0.009958280971402705 0
0.03681908609657376 0.0111689476962619 0
0.03643393497061932 0.01236765443345813 0
0.03600976947517216 0.01355311757396513 0
0.03554704381561501 0.01472406769882287 0
0.03504625349360761 0.0158792509171742 0
0.03450793476616091 0.01701743023500236 0
0.03393266407853122 0.0181373868614626 0
0.03332105744547742 0.01923792151829304 0
0.03267376978802438 0.02031785573007154 0
0.03199149423842823 0.02137603307495192 0
0.03127496139739785 0.02241132042562659 0
0.03052493854585187 0.02342260917149941 0
0.02974222882376976 0.0244088164035737 0
0.02892767038012691 0.02536888606162252 0
0.02808213545913599 0.02630179008515585 0
0.04049849194978768 0.001325783356588271 0
0.04043343013432189 0.002650147031494818 0
0.04032507118884976 0.003971672862892642 0
0.0401735311467443 0.005288945728328939 0
0.0399789722809607 0.006600555058010405 0
0.03974160293017876 0.00790509634701959 0
0.03946167727519747 0.009201172661342008 0
0.03913949506757633 0.01048739612920381 0
0.03877540130827325 0.01176238942979009 0
0.0383697858773489 0.01302478727051162 0
0.03792308311932698 0.01427323784010864 0
0.03743577137296823 0.01550640427135033 0
0.03690837246751453 0.01672296605016354 0
0.03634145115301352 0.01792162045711397 0
0.03573561450307552 0.01910108394315097 0
0.03509151126335892 0.02026009350840421 0
0.0344098311528247 0.02139740806148794 0
0.03369130413205596 0.02251180973615961 0
0.03293669962101187 0.02360210519828656 0
0.03214682566861785 0.02466712693337527 0
0.0313225280882167 0.02570573449405091 0
0.03046468956235443 0.02671681570818538 0
0.02957422868030805 0.02769928789121878 0
0.04266433631519848 0.001396685759978735 0
0.0425957950179127 0.002791875914228423 0
0.04248164107612694 0.00418407645814533 0
0.04232199672863499 0.005571796589062147 0
0.04211703292669222 0.006953550300414398 0
0.04186696915085091 0.008327857974903371 0
0.04157207317540697 0.009693247970988144 0
0.04123266078251919 0.01104825819403924 0
0.04084909542367821 0.01239143766460034 0
0.04042178782957975 0.01372134807476573 0
0.03995119557333213 0.01503656531890844 0
0.03943782257507666 0.01633568103463096 0
0.03888221857129212 0.01761730408725144 0
0.03828497851464498 0.01888006208839332 0
0.03764674194480064 0.02012260284530796 0
0.03696819230217083 0.02134359581322039 0
0.03625005619152863 0.02254173352782374 0
0.03549310261148356 0.02371573299181555 0
0.03469814213039989 0.02486433705182891 0
0.03386602601129015 0.02598631575523929 0
0.03299764530126195 0.0270804676639913 0
0.03209392988844605 0.02814562112734195 0
0.03115584748788738 0.02918063555921742 0
0.04496013133645844 0.001471842307373728 0
0.04488790178845323 0.002942108529528461 0
0.04476760515059128 0.004409224268517337 0
0.04459937023941235 0.005871618500645884 0
0.04438337720517006 0.007327725256372397 0
0.0441198573388014 0.008775985299274229 0
0.04380909282370906 0.01021484779783266 0
0.04345141643448696 0.01164277198119145 0
0.04304721118019043 0.01305822879173459 0
0.04259690989318823 0.01445970252532107 0
0.04210099476888838 0.01584569244429492 0
0.04155999684369545 0.0172147144013821 0
0.04097449543575939 0.01856530240405578 0
0.04034511751252236 0.01989601021486075 0
0.0396725370276682 0.02120541287872875 0
0.03895747419804699 0.02249210825328607 0
0.03820069472739258 0.02375471851892957 0
0.03740300899462241 0.02499189163943357 0
0.03656527118540999 0.02620230281304293 0
0.03568837836970004 0.0273846559027145 0
0.03477326954239083 0.02853768482027166 0
0.03382092462953275 0.02966015486763976 0
0.03283236341948465 0.03075086408314043 0
0.04739367406974936 0.001551508247964897 0
0.04731753497596477 0.003101355102451077 0
0.04719072708023368 0.004647880948567584 0
0.04701338617150676 0.006189429728330777 0
0.04678570215097568 0.007724350711442719 0
0.04650791882858542 0.009251000265209013 0
0.04618033366139185 0.0107677436167341 0
0.04580329743597022 0.012272956598361 0
0.04537721389239451 0.01376502738962409 0
0.04490253929080704 0.01524235824637257 0
0.04437978192625357 0.01670336720099935 0
0.04380950157837794 0.01814648977426094 0
0.04319230892190152 0.01957018062431446 0
0.04252886485992907 0.02097291523368101 0
0.04181987982500393 0.02235319151923316 0
0.04106611301700117 0.02370953144514221 0
0.0402683715845531 0.02504048261519069 0
0.03942750976970383 0.02634461981189389 0
0.03854442799247489 0.02762054652620493 0
0.03762007187815929 0.02886689646559656 0
0.03665543124631363 0.03008233501276334 0
0.03565153906318336 0.03126556063945878 0
0.0346094703148403 0.03241530632586342 0
2 2 0 805
1103
1104
1105
1106
1107
1108
1109
1110
1111
1112
1113
1114
1115
1116
1117
1118
1119
1120
1121
1122
1123
1124
1125
1126
1127
1128
1129
1130
1131
1132
1133
1134
1135
1136
1137
1138
1139
1140
1141
1142
1143
1144
1145
1146
1147
1148
1149
1150
1151
1152
1153
1154
1155
1156
1157
1158
1159
1160
1161
1162
1163
1164
1165
1166
1167
1168
1169
1170
1171
1172
1173
1174
1175
1176
1177
1178
1179
1180
1181
1182
1183
1184
1185
1186
1187
1188
1189
1190
1191
1192
1193
1194
1195
1196
1197
1198
1199
1200
1201
1202
1203
1204
1205
1206
1207
1208
1209
1210
1211
1212
1213
1214
1215
1216
1217
1218
1219
1220
1221
1222
1223
1224
1225
1226
1227
1228
1229
1230
1231
1232
1233
1234
1235
1236
1237
1238
1239
1240
1241
1242
1243
1244
1245
1246
1247
1248
1249
1250
1251
1252
1253
1254
1255
1256
1257
1258
1259
1260
1261
1262
1263
1264
1265
1266
1267
1268
1269
1270
1271
1272
1273
1274
1275
1276
1277
1278
1279
1280
1281
1282
1283
1284
1285
1286
1287
1288
1289
1290
1291
1292
1293
1294
1295
1296
1297
1298
1299
1300
1301
1302
1303
1304
1305
1306
1307
1308
1309
1310
1311
1312
1313
1314
1315
1316
1317
1318
1319
1320
1321
1322
1323
1324
1325
1326
1327
1328
1329
1330
1331
1332
1333
1334
1335
1336
1337
1338
1339
1340
1341
1342
1343
1344
1345
1346
1347
1348
1349
1350
1351
1352
1353
1354
1355
1356
1357
1358
1359
1360
1361
1362
1363
1364
1365
1366
1367
1368
1369
1370
1371
1372
1373
1374
1375
1376
1377
1378
1379
1380
1381
1382
1383
1384
1385
1386
1387
1388
1389
1390
1391
1392
1393
1394
1395
1396
1397
1398
1399
1400
1401
1402
1403
1404
1405
1406
1407
1408
1409
1410
1411
1412
1413
1414
1415
1416
1417
1418
1419
1420
1421
1422
1423
1424
1425
1426
1427
1428
1429
1430
1431
1432
1433
1434
1435
1436
1437
1438
1439
1440
1441
1442
1443
1444
1445
1446
1447
1448
1449
1450
1451
1452
1453
1454
1455
1456
1457
1458
1459
1460
1461
1462
1463
1464
1465
1466
1467
1468
1469
1470
1471
1472
1473
1474
1475
1476
1477
1478
1479
1480
1481
1482
1483
1484
1485
1486
1487
1488
1489
1490
1491
1492
1493
1494
1495
1496
1497
1498
1499
1500
1501
1502
1503
1504
1505
1506
1507
1508
1509
1510
1511
1512
1513
1514
1515
1516
1517
1518
1519
1520
1521
1522
1523
1524
1525
1526
1527
1528
1529
1530
1531
1532
1533
1534
1535
1536
1537
1538
1539
1540
1541
1542
1543
1544
1545
1546
1547
1548
1549
1550
1551
1552
1553
1554
1555
1556
1557
1558
1559
1560
1561
1562
1563
1564
1565
1566
1567
1568
1569
1570
1571
1572
1573
1574
1575
1576
1577
1578
1579
1580
1581
1582
1583
1584
1585
1586
1587
1588
1589
1590
1591
1592
1593
1594
1595
1596
1597
1598
1599
1600
1601
1602
1603
1604
1605
1606
1607
1608
1609
1610
1611
1612
1613
1614
1615
1616
1617
1618
1619
1620
1621
1622
1623
1624
1625
1626
1627
1628
1629
1630
1631
1632
1633
1634
1635
1636
1637
1638
1639
1640
1641
1642
1643
1644
1645
1646
1647
1648
1649
1650
1651
1652
1653
1654
1655
1656
1657
1658
1659
1660
1661
1662
1663
1664
1665
1666
1667
1668
1669
1670
1671
1672
1673
1674
1675
1676
1677
1678
1679
1680
1681
1682
1683
1684
1685
1686
1687
1688
1689
1690
1691
1692
1693
1694
1695
1696
1697
1698
1699
1700
1701
1702
1703
1704
1705
1706
1707
1708
1709
1710
1711
1712
1713
1714
1715
1716
1717
1718
1719
1720
1721
1722
1723
1724
1725
1726
1727
1728
1729
1730
1731
1732
1733
1734
1735
1736
1737
1738
1739
1740
1741
1742
1743
1744
1745
1746
1747
1748
1749
1750
1751
1752
1753
1754
1755
1756
1757
1758
1759
1760
1761
1762
1763
1764
1765
1766
1767
1768
1769
1770
1771
1772
1773
1774
1775
1776
1777
1778
1779
1780
1781
1782
1783
1784
1785
1786
1787
1788
1789
1790
1791
1792
1793
1794
1795
1796
1797
1798
1799
1800
1801
1802
1803
1804
1805
1806
1807
1808
1809
1810
1811
1812
1813
1814
1815
1816
1817
1818
1819
1820
1821
1822
1823
1824
1825
1826
1827
1828
1829
1830
1831
1832
1833
1834
1835
1836
1837
1838
1839
1840
1841
1842
1843
1844
1845
1846
1847
1848
1849
1850
1851
1852
1853
1854
1855
1856
1857
1858
1859
1860
1861
1862
1863
1864
1865
1866
1867
1868
1869
1870
1871
1872
1873
1874
1875
1876
1877
1878
1879
1880
1881
1882
1883
1884
1885
1886
1887
1888
1889
1890
1891
1892
1893
1894
1895
1896
1897
1898
1899
1900
1901
1902
1903
1904
1905
1906
1907
0.007065468806978233 0.007543724270722812 0
0.006814862126908872 0.007770860925682441 0
0.006556957921545482 0.00798967634827326 0
0.006292032361177296 0.008199936225421089 0
0.006020369134201209 0.008401415405932089 0
0.005742259145302403 0.008593898140149603 0
0.005458000201981442 0.008777178312547073 0
0.005167896695079784 0.008951059662635466 0
0.004872259274624435 0.009115355993921071 0
0.004571404517028451 0.009269891373515049 0
0.004265654586414085 0.009414500320488683 0
0.003955336886561611 0.009549027984506192 0
0.003640783713223226 0.009673330310115854 0
0.003322331897016246 0.009787274191578888 0
0.003000322445056456 0.009890737614595208 0
0.002675100172154484 0.009983609788248799 0
0.002347013335444822 0.01006579126240569 0
0.002016413258387592 0.0101371940351597 0
0.001683653955398523 0.01019774164673482 0
0.001349091754138497 0.01024736926113208 0
0.001013084911511919 0.01028602373598011 0
0.0006759932312055634 0.01031366367914156 0
0.0003381776795863407 0.01033025949297061 0
0.007308787338351969 0.007803512822667785 0
0.007049550339309447 0.00803847154279573 0
0.006782764504919719 0.008264822466429384 0
0.00650871551623146 0.008482323211217705 0
0.006227696831195052 0.008690740872303006 0
0.005940009372546662 0.008889852270136597 0
0.005645961203550468 0.009079444191072383 0
0.005345867197630391 0.009259313615819184 0
0.005040048702900399 0.009429267935698257 0
0.004728833197929034 0.009589125159103911 0
0.004412553941360886 0.00973871410635798 0
0.004091549611987379 0.009877874594437886 0
0.003766163949210797 0.01000645760688869 0
0.003436745383247859 0.01012432545414855 0
0.003103646664761975 0.01023135192001075 0
0.002767224483125926 0.01032742239819716 0
0.002427839088681064 0.01041243401372936 0
0.002085853903611585 0.01048629573412767 0
0.001741635133845948 0.01054892846650073 0
0.001395551378169805 0.01060026514204643 0
0.001047973230936057 0.01064025078830559 0
0.000699272886742675 0.01066884258767852 0
0.0003498237428142 0.01068600992324824 0
0.007566704981369948 0.008078888687475158 0
0.007298319844224327 0.008322138796673859 0
0.007022119483075375 0.00855647735140554 0
0.006738399660376767 0.008781653415885698 0
0.006447464189805577 0.008997425866372965 0
0.006149624613232004 0.009203563647633108 0
0.005845199865029644 0.009399846022013334 0
0.005534515930159825 0.009586062805892182 0
0.005217905496708676 0.009762014593674796 0
0.004895707599529549 0.009927512971515621 0
0.004568267257460703 0.01008238071906207 0
0.004235935100805356 0.01022645200064359 0
0.003899066999234892 0.01035957254114181 0
0.00355802367854137 0.01048159979214246 0
0.003213170337548684 0.01059240308341781 0
0.002864876252665477 0.01069186376440586 0
0.002513514387032362 0.01077987532979315 0
0.002159460987481046 0.01085634353469201 0
0.001803095182943463 0.01092118649510884 0
0.001444798579597512 0.0109743347754702 0
0.001084954849491492 0.01101573146342386 0
0.0007239493215892257 0.01104533223038003 0
0.0003621685698243308 0.0110631053789943 0
0.007840097685232202 0.00837078710658737 0
0.007562015521617021 0.008622826088273836 0
0.007275835762020675 0.008865631532039531 0
0.006981864855186242 0.009098943435460393 0
0.006680417591861164 0.009322511962778298 0
0.006371816770197815 0.009536097710532251 0
0.006056392847945869 0.009739471965622299 0
0.005734483588296392 0.009932416950236824 0
0.005406433699706122 0.01011472605404982 0
0.0050725944666904 0.01028620405564144 0
0.004733323373892872 0.01044666733154415 0
0.004388983720219378 0.01059594405428047 0
0.004039944233426641 0.01073387437454879 0
0.003686578672616697 0.01086031059355118 0
0.003329265431663654 0.01097511731979762 0
0.002968387129234283 0.01107817161578518 0
0.00260433020403653 0.01116936312804518 0
0.002237484497028567 0.0112485942065375 0
0.001868242835526133 0.01131578000870012 0
0.001497000613543022 0.01137084859018199 0
0.001124155365484763 0.01141374098234421 0
0.0007501063427431023 0.01144441125494748 0
0.000375254086563394 0.01146282656539431 0
0.00812989395135196 0.008680199430873821 0
0.007841532939678129 0.008941554617398149 0
0.007544775017726611 0.009193334963540689 0
0.007239937961707234 0.009435270856239462 0
0.006927348198062041 0.009667103224998566 0
0.006607340456602517 0.009888583817236654 0
0.006280257409856969 0.01009947546587978 0
0.005946449305940002 0.01029955234327476 0
0.005606273594901185 0.01048860020208057 0
0.005260094545897568 0.01066641660484858 0
0.004908282857326526 0.01083281114080945 0
0.004551215256812665 0.01098760563117034 0
0.004189274101683174 0.01113063431799541 0
0.003822846966348659 0.01126174404308006 0
0.003452326231436462 0.01138079441039623 0
0.003078108658406974 0.01148765793828361 0
0.002700594970069507 0.01158222019422898 0
0.002320189417156293 0.01166437991873062 0
0.001937299347269904 0.01173404913314401 0
0.001552334769530182 0.0117911532338138 0
0.001165707912441324 0.01183563107243723 0
0.0007778327851686766 0.01186743502102652 0
0.0003891247343080341 0.01188653102301591 0
0.008437077983118001 0.009008176483597936 0
0.008137821392868078 0.009279406846918595 0
0.007829850619196811 0.009540700589260938 0
0.007513495445428378 0.009791777910287142 0
0.0071890946318407 0.0100323699506796 0
0.006856995555803479 0.01026221907778969 0
0.006517553837509948 0.01048107916333134 0
0.00617113295909321 0.01068871584681958 0
0.005818103876690784 0.01088490678567776 0
0.005458844623179479 0.01106944189346699 0
0.005093739903535136 0.01124212356487826 0
0.00472318067982378 0.01140276688872469 0
0.004347563756716812 0.01155119984391832 0
0.003967291352851432 0.01168726348528372 0
0.00358277067481291 0.01181081211198265 0
0.003194413475422364 0.01192171342554815 0
0.002802635618636053 0.01201984866967995 0
0.0024078566295462 0.01210511275884717 0
0.002010499247258898 0.01217741439015791 0
0.001610988972905881 0.01223667614109439 0
0.001209753610735412 0.01228283455291023 0
0.0008072228131523262 0.01231584019800431 0
0.0004038276204233585 0.01233565773300456 0
0.008762693047515598 0.009355832149583311 0
0.008451887144303977 0.009637530200009922 0
0.008132030748148304 0.009908908142036831 0
0.007803466369913631 0.01016967537681412 0
0.007466545843743511 0.01041955266887346 0
0.007121629953418987 0.01065827244269521 0
0.006769088043657723 0.0108855790711087 0
0.006409297624652028 0.01110122914882756 0
0.006042643968992243 0.01130499175232558 0
0.005669519699097699 0.01149664868723447 0
0.005290324366916994 0.01167599472203332 0
0.004905464023023632 0.01184283780919783 0
0.004515350786273432 0.01199699928869898 0
0.004120402398183348 0.01213831408117239 0
0.003721041780853604 0.01226663086268124 0
0.003317696577947237 0.01238181222894364 0
0.002910798703035813 0.01248373484044519 0
0.00250078387203268 0.01257228955606418 0
0.002088091139037201 0.01264738154920664 0
0.001673162426713251 0.01270893040936067 0
0.00125644204959733 0.01275687022870971 0
0.0008383762419276594 0.01279114967206259 0
0.0004194126792616973 0.01281173203203257 0
0.009107845015089086 0.009724347154793275 0
0.008784796840162461 0.01001714095353009 0
0.008452341684198436 0.01029920814720133 0
0.008110835549255341 0.01057024669053429 0
0.007760644127774285 0.01082996634934091 0
0.007402142414332302 0.01107808900865829 0
0.007035714301642916 0.0113143489724981 0
0.006661752169641175 0.01153849324808448 0
0.006280656466357374 0.01175028181608475 0
0.005892835279125895 0.01194948788772542 0
0.005498703897686418 0.01213589814770106 0
0.005098684366430344 0.01230931298396962 0
0.004693205037248946 0.01246954669922463 0
0.004282700105911683 0.01261642771186144 0
0.003867609152964597 0.01274979873745874 0
0.003448376666363128 0.01286951695957082 0
0.003025451572271029 0.0129754541804763 0
0.00259928674887201 0.01306749696012722 0
0.002170338544158265 0.01314554673680541 0
0.001739066287617703 0.01320951993272522 0
0.001305931794692319 0.0132593480440557 0
0.0008713988763636913 0.01329497771356021 0
0.0004359328415974079 0.01331637078799649 0
0.009473706108209159 0.01011497306831522 0
0.00913768112499889 0.01041952836050176 0
0.008791871283364536 0.0107129261611481 0
0.008436646886029596 0.0109948522917731 0
0.008072388315230881 0.01126500485954555 0
0.007699485628989484 0.01152309457769245 0
0.007318338140894867 0.01176884507727856 0
0.006929353992809693 0.01200199320278896 0
0.006532949718730944 0.01222228929333589 0
0.006129549798803289 0.01242949745007618 0
0.0057195862048253 0.01262339578889261 0
0.005303497934635693 0.01280377667935419 0
0.004881730547143674 0.01297044696464017 0
0.004454735679626716 0.01312322817077107 0
0.004022970570583789 0.01326195669521188 0
0.003586897562920646 0.01338648398462315 0
0.003146983616149129 0.013496676691584 0
0.002703699800459902 0.01359241681918454 0
0.00225752079537194 0.01367360184647486 0
0.001808924381606998 0.01374014483835906 0
0.001358390925567283 0.0137919745392309 0
0.0009064028695827082 0.01382903544848552 0
0.0004534442140318646 0.01385128788027372 0
0.009861518877104519 0.01052903654752613 0
0.009511738476752223 0.01084605902309687 0
0.009151772667935428 0.01115146726745227 0
0.008782006912083112 0.01144493424090997 0
0.008402837162615955 0.01172614569247667 0
0.008014669444806159 0.01199480049326037 0
0.007617919418372109 0.01225061096100181 0
0.007213011932820179 0.01249330316768235 0
0.006800380573272489 0.0127226172323656 0
0.006380467196253068 0.01293830759953427 0
0.005953721456543377 0.0131401433021304 0
0.00552060032263676 0.01332790821023052 0
0.005081567592881914 0.01350140125992851 0
0.004637093392555289 0.01366043667132741 0
0.004187653677586448 0.0138048441446915 0
0.003733729717128976 0.01393446904557379 0
0.00327580758604419 0.01404917256787179 0
0.002814377638050635 0.01414883188440184 0
0.002349933984086179 0.01423334027742828 0
0.001882973963180973 0.01430260725310626 0
0.001413997605755561 0.01435655863894765 0
0.0009435071033696138 0.01439513666237719 0
0.0004720062693000239 0.01441830001298232 0
0.01027260041295375 0.01096794383636539 0
0.009908239270401822 0.01129818152634974 0
0.009533268136341703 0.01161632084106217 0
0.009148088540430224 0.01192202110794695 0
0.008753112941542976 0.01221495497635896 0
0.008348764290238392 0.01249480876476003 0
0.007935475573131547 0.0127612827987674 0
0.007513689349831181 0.01301409173150849 0
0.0070838572796521 0.01325296484879532 0
0.006646439638080482 0.01347764635903603 0
0.006201904823859696 0.01368789566725545 0
0.005750728854377025 0.01388348763406804 0
0.005293394861787071 0.01406421281405722 0
0.004830392568645231 0.01422987768305344 0
0.004362217771357545 0.01438030484228821 0
0.00388937180090033 0.01451533321134058 0
0.003412360994405396 0.01463481819790551 0
0.002931696146130877 0.01473863185470915 0
0.00244789196431871 0.01482666301542292 0
0.001961466519805989 0.01489881741392807 0
0.001472940686872736 0.01495501778584168 0
0.0009828375912622038 0.01499520395029986 0
0.0004916820479235285 0.01501933287485288 0
0.01070834683271847 0.01143318555374203 0
0.01032853010372703 0.01177743137074001 0
0.009937653325209597 0.01210906561977579 0
0.009536135059144194 0.01242773317744815 0
0.009124405260188307 0.0127330928074813 0
0.008702904819703412 0.01302481752253237 0
0.008272085090814726 0.01330259493656794 0
0.007832407405839162 0.01356612759873049 0
0.007384342582735395 0.01381513331158556 0
0.006928370421089123 0.01404934543330247 0
0.006464979188242957 0.01426851316331396 0
0.005994665093411376 0.01447240181220493 0
0.005517931762582846 0.01466079305015782 0
0.005035289691428064 0.01483348514407433 0
0.004547255707257735 0.01499029317021141 0
0.004054352406579875 0.01513104921541576 0
0.003557107604532601 0.0152556025540078 0
0.003056053762345605 0.01536381981141817 0
0.002551727421402729 0.01545558510580989 0
0.002044668628256007 0.01553080017245397 0
0.00153542035167609 0.01558938446955904 0
0.001024527907640412 0.0156312752634753 0
0.0005125383728702638 0.01565642769639369 0
0.01117023803821523 0.01192634177474441 0
0.01077403838757853 0.01228543620639443 0
0.01036630162591641 0.01263137508582991 0
0.009947464369467376 0.01296378797175339 0
0.009517975118417725 0.01328231890912054 0
0.009078293781380201 0.01358662680643552 0
0.008628891179980799 0.01387638580331518 0
0.008170248545607101 0.01415128561867795 0
0.007702857004380316 0.01441103188284809 0
0.007227217051431657 0.01465534645274173 0
0.006743838014818954 0.01488396770986404 0
0.006253237507093543 0.01509665084176851 0
0.005755940877707809 0.01529316810117258 0
0.005252480641834691 0.01547330905351344 0
0.004743395919543866 0.01563688079857496 0
0.004229231848806982 0.01578370818050762 0
0.003710539011448864 0.01591363397225479 0
0.00318787283568909 0.01602651904631382 0
0.002661793006041938 0.01612224252240889 0
0.002132862863317313 0.01620070189728407 0
0.001601648796445959 0.0162618131550951 0
0.001068719643053568 0.0163055108562391 0
0.0005346460773399451 0.0163317482080261 0
0.01165984271552508 0.01244908736845523 0
0.01124627716796274 0.01282392133161976 0
0.01082066882418611 0.01318502311926287 0
0.0103834734379498 0.01353200605311712 0
0.009935159167700623 0.01386449857624354 0
0.009476206080337654 0.01418214464674416 0
0.009007105634097673 0.01448460412142513 0
0.008528360153383169 0.01477155311916737 0
0.008040482290967606 0.01504268436771944 0
0.007543994479260418 0.01529770753266908 0
0.007039428370677547 0.01553634952851824 0
0.006527324265307366 0.01575835481240716 0
0.006008230539474002 0.01596348565454035 0
0.005482703049022738 0.01615152239680265 0
0.004951304544347739 0.01632226368391651 0
0.004414604057372071 0.01647552668277434 0
0.003873176302608456 0.01661114727485989 0
0.003327601053285713 0.01672898023456127 0
0.002778462525636365 0.01682889938325741 0
0.002226348752383631 0.01691079772485394 0
0.001671850947827928 0.01697458756101041 0
0.001115562882542074 0.01702020058381377 0
0.0005580802440530747 0.01704758794960025 0
0.01217882366938356 0.01300319769342193 0
0.01174685027122511 0.01339471555986042 0
0.01130229805055641 0.01377189003007702 0
0.01084564304689893 0.01413431721461622 0
0.01037737425645552 0.0144816090185309 0
0.009897993113908567 0.01481339355249692 0
0.00940801295230213 0.01512931553354121 0
0.008907958454634301 0.0154290366645051 0
0.008398365091929766 0.01571223599640695 0
0.00787977855011269 0.01597861027202654 0
0.007352754145418429 0.01622787425084251 0
0.006817856226724425 0.01645976101575711 0
0.006275657578838653 0.01667402225551126 0
0.005726738798718896 0.01687042853502438 0
0.005171687684903075 0.01704876953665385 0
0.004611098596902554 0.01720885428939867 0
0.00404557182987903 0.01735051136979537 0
0.003475712962770911 0.01747358908823636 0
0.002902132215431859 0.01757795564985463 0
0.002325443794012993 0.01766349929614707 0
0.001746265227706381 0.0177301284253274 0
0.001165216716008586 0.01777777168907371 0
0.000582920460573234 0.01780637806969007 0
0.01272894348475877 0.01359055464246193 0
0.01227745776481646 0.01399975744650858 0
0.01181282503448572 0.0143939689603858 0
0.01133554283620114 0.01477276705077858 0
0.01084612225418708 0.01513574609245101 0
0.01034508737297643 0.01548251739780711 0
0.009832974712909143 0.01581270963570771 0
0.009310332657094838 0.01612596922799201 0
0.008777720863904688 0.01642196072834428 0
0.008235709667988665 0.01670036718136776 0
0.007684879469230892 0.01696089046221626 0
0.00712582010822543 0.01720325159709968 0
0.006559130242773327 0.01742719105840745 0
0.005985416695411829 0.01763246904747555 0
0.005405293815711429 0.01781886574655434 0
0.004819382810427322 0.01798618155847569 0
0.004228311090209306 0.01813423731653207 0
0.00363271158804818 0.01826287447928035 0
0.003033222087636219 0.01837195529863282 0
0.002430484538958342 0.01846136296793303 0
0.001825144364991978 0.0185310017477421 0
0.001217849779893079 0.01858079706690472 0
0.0006092510902897088 0.01861069560325083 0
0.01331207049113154 0.01421315301065972 0
0.01283990171002471 0.01464110184863762 0
0.01235398363937648 0.01505337262885923 0
0.01185483661470935 0.01544952387951846 0
0.01134299513355061 0.01582913139327316 0
0.01081900728927476 0.01619178867635915 0
0.01028343418075549 0.01653710738658115 0
0.009736849313220719 0.01686471774791604 0
0.009179837983628997 0.01717426894687391 0
0.008612996654279732 0.01746542950799079 0
0.008036932313724841 0.01773788764903613 0
0.007452261823778093 0.01799135161612591 0
0.006859611267613305 0.01822554999231692 0
0.006259615266882032 0.01844023199354666 0
0.005652916315249418 0.01863516773195201 0
0.005040164077549192 0.01881014846662767 0
0.004422014706848664 0.01896498682302734 0
0.003799130131434259 0.01909951699676223 0
0.003172177352667294 0.01921359492933063 0
0.00254182772899661 0.01930709846303356 0
0.001908756250812231 0.01937992747252034 0
0.001273640827809165 0.01943200397043228 0
0.0006371615578884866 0.0194632721918567 0
0.01393018511769265 0.01487310728074224 0
0.01343609229175833 0.01532092691468103 0
0.01292761176038063 0.01575234051722172 0
0.01240528801975529 0.01616688611775761 0
0.01186968038551064 0.01656411981191402 0
0.01132136240039332 0.01694361623138844 0
0.01076092121652275 0.0173049690022661 0
0.01018895696857225 0.01764779117878986 0
0.00960608213040298 0.01797171565826516 0
0.009012920859622738 0.01827639557395682 0
0.008410108328771294 0.01856150466680686 0
0.007798290042155312 0.0188267376360317 0
0.007178121153843709 0.01907181046199554 0
0.00655026575254922 0.01929646071611351 0
0.005915396164677299 0.01950044783620218 0
0.005274192220624922 0.01968355338899487 0
0.004627340540421935 0.0198455812996362 0
0.003975533787368137 0.01998635806501492 0
0.003319469933554003 0.02010573293759057 0
0.002659851510400132 0.02020357808755905 0
0.001997384849753882 0.02027978874050317 0
0.001332779338581655 0.02033428328788862 0
0.0006667466535339054 0.02036700337549562 0
0.01458538661436932 0.01557265879904544 0
0.0140680543011831 0.01604154147646242 0
0.01353565756170513 0.01649324647042976 0
0.01298876650244447 0.01692729008161242 0
0.01242796674621631 0.01734320752678142 0
0.01185385881210137 0.01774055343062388 0
0.01126705746865929 0.01811890230560258 0
0.01066819107777517 0.01847784900604255 0
0.0100579009208266 0.01881700916269247 0
0.009436840512447942 0.01913601959406986 0
0.008805674900205764 0.01943453869567985 0
0.008165079949448827 0.0197122468070255 0
0.007515741629394532 0.01996884654961703 0
0.006858355263840085 0.02020406315167595 0
0.006193624801895311 0.02041764473623947 0
0.005522262049453868 0.02060936259613794 0
0.004844985921525529 0.02077901143418846 0
0.004162521660523874 0.02092640958663412 0
0.003475600067511934 0.0210513992155534 0
0.002784956717259985 0.02115384647871086 0
0.002091331163559783 0.02123364167367886 0
0.001395466159285023 0.02129069935347702 0
0.0006981068545601222 0.02132495841922 0
0.0152799002038286 0.01631418341163073 0
0.01473793403404959 0.01680539291523047 0
0.0141801861138765 0.01727860678420245 0
0.0136072536967506 0.01773331828675944 0
0.01301975029110524 0.01816904050808685 0
0.01241830501093546 0.0185853068654407 0
0.0118035618982276 0.01898167161084391 0
0.01117617923571141 0.01935771030670844 0
0.01053682884073199 0.01971302028123283 0
0.009886195346372053 0.02004722105930234 0
0.009224975467726652 0.02035995477025895 0
0.008553877252849333 0.02065088653230947 0
0.007873619335015021 0.02091970480657881 0
0.007184930147210613 0.02116612173750326 0
0.006488547158612711 0.02138987345445382 0
0.005785216069141596 0.02159072035992362 0
0.005075690026485908 0.02176844738106261 0
0.004360728806919997 0.02192286420382938 0
0.00364109801021794 0.02205380547449847 0
0.002917568237100822 0.02216113097765722 0
0.002190914256621618 0.02224472578718688 0
0.001461914189515901 0.0223045003873542 0
0.0007313486677906424 0.02234039076992835 0
0.01601608461317754 0.01710019950579952 0
0.0154480065552498 0.01761507544529857 0
0.01486338638337481 0.01811108872191569 0
0.0142628501267422 0.01858770818946424 0
0.01364704085254076 0.01904442347364871 0
0.01301661798537485 0.019480745511848 0
0.01237225659706332 0.01989620708001868 0
0.01171464668643147 0.02029036329114475 0
0.01104449243895015 0.0206627920727214 0
0.01036251147325749 0.02101309461838365 0
0.009669434072028985 0.0213408958153404 0
0.008966002396985452 0.02164584464722436 0
0.008252969705302995 0.02192761456515192 0
0.00753109952570981 0.02218590384474693 0
0.006801164858653496 0.02242043590209413 0
0.006063947331722771 0.02263095959592918 0
0.005320236379246104 0.02281724949119469 0
0.004570828383390486 0.02297910610454771 0
0.003816525830563922 0.02311635611551051 0
0.003058136448995593 0.02322885255310254 0
0.002296472335915583 0.02331647495409246 0
0.0015323491019933 0.02337912948986894 0
0.0007665849900314434 0.02341674906829491 0
0.01679644008345819 0.01793337656174337 0
0.0162006834242215 0.01847333892317884 0
0.01558757866567497 0.01899351957178725 0
0.01495778233930132 0.01949336148211868 0
0.01431196884456996 0.01997232941282795 0
0.01365082973533101 0.02042991047262439 0
0.01297507297502562 0.02086561467283424 0
0.01228542218154016 0.02127897545004805 0
0.01158261585055869 0.02166955016701555 0
0.01086740656540787 0.02203692058624657 0
0.01014056019039833 0.02238069331828902 0
0.009402855047738003 0.02270050024412714 0
0.008655081095938088 0.02299599890426842 0
0.007898039065212374 0.02326687287339553 0
0.007132539619155547 0.02351283209150988 0
0.006359402468684692 0.02373361318096421 0
0.005579455511966319 0.02392897972276149 0
0.004793533933413426 0.0240987225140991 0
0.004002479319265815 0.02424265978974199 0
0.003207138752911057 0.02436063741780767 0
0.002408363899446793 0.02445252906572545 0
0.001607010108872102 0.02451823633323329 0
0.0008039354914329793 0.02455768885925352 0
0.01762361687940272 0.01881654423831818 0
0.01699852090286911 0.01938309820692425 0
0.01635522248254395 0.01992889626976444 0
0.01569441048234053 0.02045335396936982 0
0.01501679251394561 0.02095590970532267 0
0.01432309418820973 0.0214360253279426 0
0.01361405833369355 0.02189318671804784 0
0.01289044420448809 0.0223269043352519 0
0.01215302666510327 0.02273671374367441 0
0.01140259536143552 0.02312217610883256 0
0.01063995387432855 0.02348287866801368 0
0.009865918856106555 0.02381843517339469 0
0.009081319168695794 0.02412848630023765 0
0.008286994975884664 0.02441270004022768 0
0.00748379686420364 0.02467077204871789 0
0.006672584912897761 0.02490242597749518 0
0.005854227791801721 0.02510741376458649 0
0.005029601815709172 0.02528551590456204 0
0.004199590016681483 0.02543654168074401 0
0.003365081194573994 0.02556032937069389 0
0.002526968956423827 0.0256567464203413 0
0.001686150775919382 0.02572568958347446 0
0.0008435270227964173 0.02576708503393868 0
0.01850042428440824 0.01975270197687991 0
0.01784422863149362 0.02034744304912858 0
0.01716892492963547 0.02092039557109469 0
0.01647523631512358 0.02147094600736911 0
0.01576390560459515 0.02199850481691718 0
0.01503569450932116 0.02250250707616538 0
0.01429138281488907 0.02298241308759341 0
0.01353176754976686 0.02343770895521907 0
0.01275766212941992 0.02386790713661405 0
0.01196989548606869 0.02427254696448332 0
0.011169311180082 0.02465119514045797 0
0.01035676649370734 0.02500344620017912 0
0.009533131526491014 0.02532892294174867 0
0.008699288241810561 0.0256272768388743 0
0.007856129544508447 0.02589818840518186 0
0.007004558304257407 0.02614136754365848 0
0.006145486408860481 0.0263565538507765 0
0.005279833771314871 0.02654351690032129 0
0.004408527356252874 0.02670205648708573 0
0.003532500182985733 0.02683200284264188 0
0.002652690317006486 0.02693321681812971 0
0.001770039883114279 0.02700559003063068 0
0.0008854940461040844 0.02704904498100844 0
0.01942984014057128 0.02074502918707674 0
0.01874067883044956 0.02136964858940706 0
0.01803144952991616 0.02197138483825908 0
0.01730291170398017 0.02254959357560679 0
0.01655584548652656 0.0231036556433614 0
0.01579105085527228 0.02363297773762243 0
0.01500934677025344 0.02413699304783056 0
0.01421157030077793 0.02461516186107193 0
0.01339857572632421 0.02506697214197726 0
0.01257123362261649 0.02549194008047034 0
0.01173042992832057 0.02588961061038653 0
0.01087706499340293 0.02625955789783886 0
0.01001205262928742 0.02660138579113928 0
0.009136319106916417 0.02691472825493927 0
0.008250802188543432 0.02719924975263369 0
0.007356450101694884 0.02745464561348181 0
0.0064542205452206 0.02768064235190794 0
0.005545079646213889 0.02787699796566548 0
0.004630000937832578 0.02804350219170616 0
0.003709964312011507 0.02817997673285316 0
0.00278595496020733 0.0282862754497694 0
0.001858962337396939 0.02836228451462712 0
0.0009299790911384222 0.0284079225349294 0
0.02041502095307332 0.02179689603519102 0
0.01969091604613584 0.0224531864675677 0
0.01894572561082528 0.02308543346707269 0
0.01818024762059343 0.02369296000370602 0
0.01739530176560806 0.02427511552530131 0
0.01659172858601907 0.02483127664481136 0
0.01577038856677836 0.02536084781185533 0
0.0149321612204843 0.02586326194757169 0
0.01407794414246949 0.02633798105407356 0
0.01320865205057231 0.02678449678993662 0
0.01232521580445355 0.02720233101513259 0
0.01142858140586209 0.02759103630407461 0
0.01051970900081223 0.02795019641829722 0
0.009599571826265271 0.02827942676285221 0
0.008669155193330688 0.02857837478788952 0
0.007729455408860051 0.02884672037451676 0
0.006781478731413017 0.02908417617018734 0
0.005826240275025023 0.02929048790206064 0
0.004864762935491207 0.02946543464577674 0
0.003898076289727662 0.029608829063685 0
0.002927215482712742 0.02972051760654256 0
0.001953220139411995 0.02980038067491792 0
0.0009771332391126657 0.0298483327493519 0
0.02145931261272178 0.02291187489247999 0
0.02069816749321648 0.02360173661665435 0
0.01991485825510068 0.02426632501180195 0
0.01911022369077534 0.02490492841563042 0
0.01828512542006798 0.02551686299825118 0
0.01744044697930732 0.0261014734844816 0
0.01657709286985596 0.02665813385973007 0
0.0156959875942001 0.02718624803723055 0
0.01479807466247761 0.02768525049882757 0
0.01388431558316789 0.02815460689986783 0
0.01295568883218634 0.02859381464202767 0
0.01201318880217107 0.02900240341251832 0
0.01105782475380217 0.02937993568089032 0
0.01009061970802098 0.02972600717901984 0
0.009112609377724196 0.0300402473230172 0
0.008124841033847958 0.03032231961894933 0
0.00712837240824428 0.03057192201528046 0
0.006124270541107165 0.03078878723234036 0
0.005113610652627212 0.03097268304477876 0
0.004097474985800586 0.03112341253204276 0
0.003076951636338542 0.03124081429038945 0
0.002053133409394525 0.0313247626024873 0
0.001027116635888608 0.03137516757429719 0
0.02256626176653215 0.02409375247542253 0
0.02176585402189709 0.02481919976872818 0
0.02094213885300546 0.02551807004308905 0
0.02009599832034415 0.02618961492598304 0
0.01922833848917974 0.02683311531313624 0
0.01834008847179034 0.02744788212794258 0
0.01743219942693361 0.02803325706374718 0
0.01650564354637666 0.02858861328540541 0
0.01556141300995071 0.02911335610327722 0
0.01460051892421434 0.02960692360928672 0
0.01362399023831265 0.03006878727931724 0
0.01263287263922605 0.0304984525401462 0
0.01162822744918015 0.03089545929182115 0
0.01061113046013483 0.03125938241265222 0
0.009582670810880992 0.03158983220266784 0
0.00854394979428416 0.03188645481039184 0
0.00749607970388598 0.03214893260336003 0
0.006440182621608261 0.0323769845146629 0
0.005377389231500531 0.03257036633990039 0
0.004308837602603544 0.03272887100064334 0
0.003235671958405162 0.03285232876737879 0
0.002159041475057727 0.03294060743780119 0
0.001080099036211828 0.03299361248081675 0
0.02373962786185242 0.02534654270510055 0
0.02289760173485358 0.02610971070143735 0
0.02203105627962134 0.02684491976752541 0
0.02114091942081331 0.02755138261799931 0
0.02022814433586123 0.02822834275773691 0
0.01929370844754919 0.02887507528062357 0
0.01833861237147331 0.02949088765041758 0
0.01736387885003813 0.03007512043869319 0
0.01637055165294949 0.03062714803403693 0
0.01535969446072955 0.03114637931114515 0
0.01433238972414652 0.03163225826456076 0
0.01328973750218332 0.03208426460500148 0
0.01223285430230344 0.0325019143088419 0
0.01116287185374604 0.03288476014961225 0
0.01008093592674949 0.03323239216429431 0
0.008988205077424125 0.03354443810241636 0
0.007885849434702191 0.03382056381573021 0
0.006775049424736597 0.0340604736228527 0
0.005656994523266947 0.03426391062159124 0
0.004532881974940868 0.0344306569661678 0
0.003403915498689038 0.03456053410175318 0
0.002271304023922234 0.03465340295196955 0
0.001136260380185 0.03470916407044507 0
0.02498339592560521 0.0266745003514559 0
0.02409725431320452 0.02747765229309265 0
0.02318530875435216 0.02825138047849521 0
0.02224853578972687 0.02899485637468423 0
0.02128793853565552 0.02970728385223836 0
0.02030454562405867 0.03038790002576376 0
0.01929941009478132 0.03103597607565663 0
0.01827360827390381 0.03165081802461314 0
0.01722823861639916 0.03223176748413989 0
0.01616442053119111 0.03277820235867178 0
0.01508329318076844 0.03328953751253081 0
0.01398601425843689 0.03376522539741138 0
0.01287375876801219 0.03420475663059463 0
0.01174771773224968 0.0346076605545441 0
0.01060909695072222 0.03497350572741202 0
0.009459115678579716 0.0353019003957914 0
0.008299005350268618 0.03559249290470289 0
0.007130008236826928 0.03584497208142136 0
0.005953376133185861 0.03605906756409397 0
0.004770369010136477 0.03623455009355291 0
0.003582253651778966 0.03637123176013382 0
0.002390302325978189 0.03646896620094213 0
0.001195791404926421 0.03652764875941137 0
0.02630179008004681 0.02808213546392112 0
0.02536888605287674 0.02892767038779677 0
0.02440881638393653 0.02974222883988558 0
0.0234226091468876 0.03052493856473718 0
0.02241132039328592 0.03127496142057286 0
0.02137603303673703 0.03199149426396262 0
0.02031785568678999 0.03267376981493861 0
0.01923792146822179 0.03332105747438607 0
0.01813738680238899 0.03393266411010672 0
0.01701743017032128 0.0345079347980581 0
0.01587925084893158 0.03504625352452796 0
0.01472406762390811 0.03554704384664573 0
0.01355311750520033 0.03600976950105342 0
0.01236765436669105 0.0364339349932837 0
0.01116894763904802 0.03681908611392941 0
0.009958280918403404 0.03716481043647203 0
0.008736950623049069 0.03747073774879715 0
0.007506264579601551 0.03773654045735698 0
0.006267540641335521 0.03796193393305878 0
0.005022105268754415 0.03814667681854152 0
0.003771292095038464 0.03829057128801549 0
0.002516440526814205 0.03839346325487836 0
0.001258894291480854 0.03845524253975727 0
0.02769928788583275 0.02957422868535264 0
0.02671681569893342 0.0304646895704682 0
0.02570573447322423 0.03132252810530871 0
0.02466712690732832 0.03214682568860439 0
0.02360210516414461 0.03293669964547765 0
0.02251180969586474 0.03369130415898016 0
0.02139740801592425 0.03440983118115805 0
0.02026009345571861 0.03509151129377698 0
0.01910108388097103 0.0357356145363114 0
0.01792162038914361 0.03634145118653281 0
0.01672296597843893 0.03690837250001254 0
0.01550640419247078 0.03743577140564121 0
0.01427323776769042 0.03792308314658328 0
0.01302478720017593 0.03836978590122467 0
0.01176238936955567 0.03877540132654519 0
0.01048739607340319 0.03913949508252806 0
0.009201172612886539 0.0394616772864957 0
0.007905096303535624 0.03974160293882829 0
0.006600555020469276 0.03997897228715876 0
0.005288945703286161 0.04017353115004126 0
0.003971672845191455 0.04032507119059316 0
0.002650147019899173 0.04043343013508193 0
0.001325783351328003 0.04049849194995989 0
0.02918063555353774 0.03115584749320697 0
0.02814562111755342 0.03209392989703036 0
0.02708046764190377 0.03299764531938872 0
0.0259863157276711 0.03386602603244399 0
0.02486433701577758 0.03469814215623392 0
0.02371573294931592 0.03549310263988092 0
0.02254173347984097 0.03625005622136623 0
0.02134359575776358 0.03696819233418886 0
0.0201226027798353 0.03764674197979651 0
0.01888006201693629 0.03828497854988371 0
0.01761730401183591 0.03888221860546246 0
0.01633568095154872 0.03943782260949043 0
0.01503656524261762 0.03995119560204598 0
0.01372134800064731 0.04042178785473957 0
0.01239143760116416 0.0408490954429214 0
0.01104825813526922 0.04123266079826659 0
0.009693247919979001 0.04157207318730065 0
0.008327857929071257 0.04186696915996751 0
0.00695355026081931 0.04211703293322942 0
0.00557179656266244 0.04232199673211058 0
0.004184076439431944 0.04248164107797005 0
0.002791875901954237 0.04259579501871721 0
0.001396685754458315 0.04266433631537923 0
0.03075086407714951 0.03283236342509578 0
0.02966015485728248 0.03382092463861586 0
0.02853768479684762 0.03477326956161444 0
0.02738465587353379 0.0356883783920912 0
0.02620230277496768 0.03656527121269432 0
0.02499189159459687 0.03740300902458133 0
0.02375471846838259 0.03820069475882473 0
0.02249210819489175 0.03895747423176098 0
0.02120541280976583 0.03967253706452967 0
0.01989601013970788 0.04034511754958368 0
0.01856530232472789 0.0409744954717024 0
0.01721471431384501 0.04155999687995451 0
0.01584569236389912 0.04210099479914723 0
0.01445970244719296 0.04259690991970918 0
0.01305822872490452 0.04304721120046311 0
0.01164277191927386 0.04345141645107775 0
0.01021484774411662 0.04380909283623389 0
0.008775985250953081 0.04411985734841307 0
0.00732772521460011 0.0443833772120667 0
0.005871618472807833 0.04459937024307733 0
0.00440922424873102 0.04476760515254005 0
0.002942108516535022 0.04488790178930489 0
0.001471842301577548 0.04496013133664819 0
0.03241530631954257 0.03460947032076042 0
0.03126556062849861 0.03565153907279518 0
0.03008233498792258 0.03665543126669992 0
0.02886689643470657 0.03762007190186201 0
0.02762054648598431 0.03854442802129657 0
0.02634461976457991 0.03942750980131801 0
0.02504048256192564 0.04026837161767546 0
0.02370953138363416 0.04106611305251288 0
0.02235319144657056 0.04181987986384293 0
0.02097291515461053 0.04252886489892233 0
0.01957018054083947 0.04319230895972355 0
0.01814648968200172 0.04380950161659295 0
0.01670336711625229 0.04437978195815012 0
0.01524235816399418 0.04490253931877075 0
0.01376502731919652 0.04537721391375849 0
0.012272956533107 0.04580329745345502 0
0.01076774356014875 0.04618033367458572 0
0.009251000214249483 0.04650791883872192 0
0.007724350667362602 0.04678570215825337 0
0.006189429698968085 0.04701338617537245 0
0.004647880927643961 0.04719072708229449 0
0.003101355088695228 0.04731753497686638 0
0.00155150824187641 0.0473936740699487 0
2 3 0 345
1908
1909
1910
1911
1912
1913
1914
1915
1916
1917
1918
1919
1920
1921
1922
1923
1924
1925
1926
1927
1928
1929
1930
1931
1932
1933
1934
1935
1936
1937
1938
1939
1940
1941
1942
1943
1944
1945
1946
1947
1948
1949
1950
1951
1952
1953
1954
1955
1956
1957
1958
1959
1960
1961
1962
1963
1964
1965
1966
1967
1968
1969
1970
1971
1972
1973
1974
1975
1976
1977
1978
1979
1980
1981
1982
1983
1984
1985
1986
1987
1988
1989
1990
1991
1992
1993
1994
1995
1996
1997
1998
1999
2000
2001
2002
2003
2004
2005
2006
2007
2008
2009
2010
2011
2012
2013
2014
2015
2016
2017
2018
2019
2020
2021
2022
2023
2024
2025
2026
2027
2028
2029
2030
2031
2032
2033
2034
2035
2036
2037
2038
2039
2040
2041
2042
2043
2044
2045
2046
2047
2048
2049
2050
2051
2052
2053
2054
2055
2056
2057
2058
2059
2060
2061
2062
2063
2064
2065
2066
2067
2068
2069
2070
2071
2072
2073
2074
2075
2076
2077
2078
2079
2080
2081
2082
2083
2084
2085
2086
2087
2088
2089
2090
2091
2092
2093
2094
2095
2096
2097
2098
2099
2100
2101
2102
2103
2104
2105
2106
2107
2108
2109
2110
2111
2112
2113
2114
2115
2116
2117
2118
2119
2120
2121
2122
2123
2124
2125
2126
2127
2128
2129
2130
2131
2132
2133
2134
2135
2136
2137
2138
2139
2140
2141
2142
2143
2144
2145
2146
2147
2148
2149
2150
2151
2152
2153
2154
2155
2156
2157
2158
2159
2160
2161
2162
2163
2164
2165
2166
2167
2168
2169
2170
2171
2172
2173
2174
2175
2176
2177
2178
2179
2180
2181
2182
2183
2184
2185
2186
2187
2188
2189
2190
2191
2192
2193
2194
2195
2196
2197
2198
2199
2200
2201
2202
2203
2204
2205
2206
2207
2208
2209
2210
2211
2212
2213
2214
2215
2216
2217
2218
2219
2220
2221
2222
2223
2224
2225
2226
2227
2228
2229
2230
2231
2232
2233
2234
2235
2236
2237
2238
2239
2240
2241
2242
2243
2244
2245
2246
2247
2248
2249
2250
2251
2252
0.05266586357491822 0.001756156640971551 0
0.05258702126092638 0.003510592902838062 0
0.05245571121460345 0.005261590248218015 0
0.05227207404591034 0.007007433822938 0
0.05203630639823792 0.008746414289632076 0
0.0517486607376853 0.01047682966057161 0
0.05140944508213894 0.01219698712234818 0
0.05101902267239527 0.01390520484334272 0
0.05057781158280728 0.01559981377745152 0
0.05008628427243828 0.01727915945470693 0
0.04954496708269336 0.01894160374178365 0
0.04895443966747039 0.02058552661462102 0
0.04831533438271039 0.02220932786600559 0
0.04762833559602452 0.02381142885244441 0
0.04689417896292927 0.02539027416131855 0
0.04611365063778641 0.02694433328090695 0
0.0452875864258955 0.02847210224972687 0
0.04441687089806584 0.02997210524976337 0
0.04350243644267945 0.03144289619055288 0
0.04254526225816378 0.03288306027122835 0
0.04154637330632088 0.03429121549064341 0
0.04050683922757759 0.03566601411141082 0
0.0394277731739514 0.03700614412986433 0
0.05576239284539229 0.001894389508378177 0
0.0556852075644475 0.003787094794949196 0
0.05555665726825311 0.005676433440921799 0
0.05537687961156305 0.007560726633302412 0
0.05514606710490377 0.009438300959958276 0
0.05486446690828115 0.01130749020392624 0
0.05453238056595357 0.01316663712974595 0
0.05415016368446655 0.0150140952529417 0
0.05371822555148255 0.01684823060583919 0
0.05323702869636793 0.01866742349055288 0
0.05270708839838289 0.0204700702024915 0
0.05212897212880895 0.02225458476572506 0
0.05150329895332911 0.02401940060467978 0
0.05083073885616458 0.02576297225429499 0
0.05011201203152137 0.02748377699214027 0
0.04934788811111371 0.02918031647333962 0
0.04853918533407736 0.03085111834524773 0
0.04768676968015058 0.0324947378071942 0
0.04679155394165985 0.03410975916127457 0
0.04585449673716793 0.03569479734156578 0
0.04487660148680098 0.03724849939251203 0
0.04385891535029683 0.03876954590219333 0
0.04280252808449871 0.04025665244139341 0
0.0593234016118184 0.002053357310600095 0
0.0592481219189341 0.004105071980286832 0
0.05912274533548137 0.006153503126648975 0
0.05894740611772615 0.008197013384050982 0
0.0587222920234006 0.01023397065437949 0
0.05844764411050316 0.01226274985705284 0
0.05812375647861974 0.01428173467125222 0
0.05775097595490712 0.01628931926171796 0
0.05732970172233323 0.01828391000097075 0
0.0568603848911127 0.02026392717902069 0
0.05634352801903865 0.02222780668432185 0
0.05577968456738341 0.02417400169629558 0
0.05516945831803286 0.02610098431575496 0
0.05451350271430926 0.02800724723283751 0
0.05381252016991091 0.02989130531883073 0
0.05306726131550694 0.03175169722073152 0
0.05227852418914415 0.0335869869360587 0
0.05144715339082842 0.03539576533408915 0
0.05057403917742173 0.0371766516683624 0
0.04966011650064175 0.03892829506814204 0
0.04870636400768653 0.04064937598030233 0
0.0477138030055009 0.04233860756721172 0
0.04668349634647681 0.04399473711027219 0
0.06341856164438932 0.002236170280976116 0
0.06334547337774858 0.004470745739066171 0
0.06322374656390546 0.006702133258695394 0
0.06305351155086461 0.0089287431386894 0
0.06283495063064486 0.01114899079205657 0
0.06256829784393625 0.0133612984450534 0
0.06225383872895138 0.0155640968286983 0
0.06189191001655012 0.01775582685432944 0
0.06148289926930182 0.01993494128569126 0
0.06102724446539677 0.02209990639887325 0
0.0605254335329412 0.02424920361433109 0
0.05997800382169698 0.02638133114013966 0
0.05938554153718351 0.02849480555495634 0
0.05874868110068947 0.0305881634273961 0
0.05806810447832963 0.0326599628615215 0
0.05734454044957146 0.03470878504498279 0
0.05657876382120976 0.03673323577798707 0
0.05577159460655839 0.03873194695025005 0
0.0549238971466955 0.04070357800947138 0
0.05403657917646724 0.04264681740937881 0
0.05311059085420471 0.04456038400964078 0
0.05214692375614111 0.04644302843305694 0
0.05114660979454981 0.04829353442823982 0
0.06812799563974964 0.002446405195028981 0
0.06805742751326618 0.004891270557902802 0
0.06793989793443621 0.007333057904908128 0
0.06777553275676408 0.009770232349000433 0
0.06756450798669832 0.0122012639409776 0
0.06730704959502433 0.01462462930995952 0
0.06700343327437554 0.01703881329657692 0
0.06665398414487042 0.01944231057075502 0
0.06625907640562019 0.02183362724614507 0
0.06581913293298716 0.02421128248282742 0
0.0653346248309378 0.0265738100630591 0
0.06480607092099715 0.02891975997786611 0
0.06423403719586335 0.0312476999554263 0
0.06361913620148671 0.03355621702460327 0
0.06296202638926104 0.03584391900715048 0
0.06226341140977219 0.03810943601246905 0
0.06152403935387529 0.04035142191385713 0
0.06074470196018882 0.04256855577453474 0
0.05992623376663969 0.04475954326548527 0
0.05906951120867207 0.0469231180635698 0
0.05817545168242037 0.04905804320316974 0
0.05724501257379973 0.05116311238658011 0
0.05627919021394742 0.05323715129970533 0
0.07354384468324587 0.002688175343906221 0
0.07347617471791652 0.005374874094997222 0
0.0733634719593068 0.00805862124119972 0
0.07320585709224557 0.01073794493171792 0
0.07300349889477571 0.01341137805080707 0
0.07275661405729232 0.01607745979087936 0
0.07246546695001288 0.01873473721861906 0
0.07213036934070342 0.02138176682632596 0
0.07175168006049837 0.02401711608004355 0
0.07132980461865814 0.0266393649564411 0
0.07086519477138861 0.02924710745384659 0
0.07035834803274267 0.03183895311367928 0
0.06980980715067427 0.03441352848606499 0
0.06922015951449474 0.03696947862915272 0
0.06859003653366907 0.03950546854003986 0
0.06792011296056953 0.04202018458814058 0
0.06721110616272104 0.04451233593080717 0
0.06646377536284249 0.04698065588078913 0
0.06567892082523732 0.0494239032658456 0
0.06485738299103769 0.05184086376944053 0
0.06400004157985226 0.05423035122687469 0
0.06310781465873072 0.05659120888186244 0
0.06218165764050422 0.05892231064819334 0
0.07977207101703945 0.002966211012158109 0
0.07970773393700142 0.005931018156741151 0
0.07960058202158538 0.008893019069061144 0
0.07945073001164374 0.01185081439000757 0
0.07925833837255263 0.01480300926231082 0
0.07902361312225863 0.01774821482616852 0
0.07874680561020099 0.02068504970822576 0
0.0784282122489405 0.02361214149651229 0
0.07806817419643866 0.02652812821232195 0
0.07766707698978871 0.0294316597714005 0
0.07722535013527218 0.03232139942055681 0
0.07674346664334922 0.03519602518416164 0
0.0762219425305182 0.03805423125758027 0
0.07566133625595599 0.04089472943263917 0
0.07506224813090984 0.0437162504580806 0
0.07442531967480667 0.04651754540233298 0
0.07375123292334194 0.04929738699941026 0
0.07304070970595064 0.05205457094902013 0
0.07229451087226946 0.05478791720921319 0
0.07151343546997227 0.05749627127104609 0
0.0706983198906635 0.06017850539087624 0
0.06985003698469812 0.06283351978504963 0
0.06896949510885579 0.06546024382942309 0
0.08693453144386815 0.003285952037030145 0
0.08687402718199182 0.006570583840513074 0
0.0867732587363762 0.009852576590255558 0
0.08663233401230032 0.0131306142925868 0
0.08645140391557384 0.01640338518748532 0
0.08623066219082694 0.01966958315510357 0
0.08597034521360364 0.02292790911604328 0
0.08567073173797862 0.02617707241842527 0
0.08533214259776371 0.0294157922220829 0
0.08495494036205972 0.0326427988727015 0
0.0845395289497346 0.03585683525284457 0
0.08408635319211627 0.0390566581422786 0
0.08359589836452863 0.0422410395283959 0
0.08306868965649317 0.04540876794675349 0
0.08250529161630606 0.04855864976048678 0
0.08190630754550628 0.05168951044189204 0
0.08127237884818474 0.05480019583814561 0
0.0806041843514988 0.0578895733939585 0
0.07990243957821772 0.06095653336721792 0
0.07916789597353735 0.06399999002771345 0
0.07840134010185622 0.06701888281601906 0
0.07760359281432931 0.07001217746700832 0
0.07677550835327601 0.07297886713791682 0
0.09517136100399663 0.003653654218725441 0
0.09511526448304329 0.007306084383036498 0
0.09502183702775975 0.01095606774890972 0
0.09489117868251584 0.01460238419293081 0
0.09472342935961935 0.01824381751691442 0
0.09451876868938675 0.02187915675196186 0
0.0942774158273825 0.02550719745672578 0
0.09399962922042165 0.02912674300343256 0
0.09368570632954409 0.03273660586123673 0
0.093335983310659 0.03633560887025496 0
0.09295083465710838 0.03992258649416931 0
0.09253067279421798 0.04349638608145218 0
0.09207594764496056 0.04705586908032761 0
0.09158714613875382 0.05059991228164358 0
0.09106479169649967 0.05412740900508833 0
0.09050944366916576 0.05763727028740691 0
0.0899216967344971 0.06112842605591304 0
0.08930218026703174 0.06459982626207228 0
0.08865155766364059 0.06805044200858466 0
0.08797052562666949 0.07147926666078327 0
0.08725981341922977 0.07488531692109171 0
0.08652018209339579 0.07826763387069101 0
0.08575242365985716 0.08162528401540284 0
0.1046437149538212 0.004076511725696661 0
0.1045926873349057 0.008151910002981178 0
0.1045077020184649 0.01222508257542484 0
0.1043888500088228 0.01629491957040777 0
0.1042362585757602 0.02036031468585569 0
0.1040500911181328 0.02442016637646061 0
0.1038305469885286 0.02847337903463317 0
0.1035778612804144 0.03251886416032065 0
0.1032923045761423 0.03655554152839649 0
0.1029741826564514 0.04058234034757278 0
0.1026238361753289 0.04459820039981755 0
0.1022416402911983 0.04860207318761443 0
0.1018280042718287 0.05259292303914357 0
0.1013833710475186 0.05656972823883698 0
0.1009082167426668 0.06053148210641818 0
0.100403050165084 0.06447719407774788 0
0.09986841225721804 0.06840589077229742 0
0.09930487552309458 0.07231661702429955 0
0.09871304341480214 0.07620843690798859 0
0.09809354968040912 0.08008043474857236 0
0.09744705768654677 0.083931716099601 0
0.09677425971634722 0.08776140869050875 0
0.09607587621412617 0.0915686633779909 0
0.1155369219849127 0.004562797858213111 0
0.1154917236033348 0.009124609464916529 0
0.1154164467465529 0.01368444962441534 0
0.1153111720228387 0.01824133525250317 0
0.1151760121630669 0.02279428642763327 0
0.1150111118999135 0.02734232744162689 0
0.1148166478125434 0.03188448784571619 0
0.114592828138073 0.03641980348672737 0
0.1143398925483635 0.04094731754111048 0
0.1140581118927082 0.0454660815414623 0
0.1137477879098368 0.04997515638577946 0
0.1134092529012347 0.05447361335365848 0
0.1130428693811873 0.05896053508522883 0
0.1126490296810059 0.06343501658254411 0
0.1122281555341108 0.06789616616536834 0
0.1117806976236824 0.072343106428545 0
0.1113071350965764 0.0767749751875266 0
0.1108079750557298 0.08119092639172812 0
0.1102837520167311 0.08559013103264818 0
0.1097350273302298 0.08997177803935032 0
0.1091623885819052 0.09433507514418031 0
0.1085664489706061 0.09867924972206325 0
0.1079478466393179 0.1030035496331992 0
0.1280641100137298 0.005122026908065355 0
0.1280256152550596 0.01024321384105817 0
0.1279615031268348 0.01536272172312673 0
0.1278718422818669 0.02047971327673952 0
0.1277567287312886 0.02559335391795584 0
0.1276162857416692 0.03070281265129482 0
0.1274506637027372 0.03580726296063281 0
0.1272600399668065 0.04090588369170605 0
0.1270446186586736 0.04599785993277706 0
0.1268046304564696 0.05108238388890936 0
0.1265403323463777 0.05615865574153187 0
0.1262520073444054 0.06122588451392033 0
0.1259399641983317 0.06628328890494524 0
0.125604537050633 0.07133009814192447 0
0.1252460850851044 0.07636555279466793 0
0.1248649921416019 0.08138890559084887 0
0.1244616663020508 0.08639942222129737 0
0.1240365394581362 0.09139638211788752 0
0.123590066848472 0.09637907922697128 0
0.1231227265666764 0.1013468227720458 0
0.1226350190503345 0.1062989379910712 0
0.1221274665513691 0.1112347668512866 0
0.1216006125662369 0.1161536687669219 0
0.1424703762988197 0.005765140317713717 0
0.1424395907065203 0.01152960887825822 0
0.1423883180161817 0.01729273464360209 0
0.1423166131318359 0.02305384801389052 0
0.1422245528369123 0.02881228154343031 0
0.1421122357119576 0.0345673706563438 0
0.1419797820288483 0.04031845435904875 0
0.1418273336223749 0.04606487594602855 0
0.1416550537382098 0.05180598370413061 0
0.1414631268576471 0.05754113161175581 0
0.1412517585014418 0.06326968002628081 0
0.141021175007301 0.06899099637621292 0
0.1407716232915215 0.07470445582797555 0
0.1405033705794191 0.08040944196794089 0
0.1402167041227201 0.08610534745347229 0
0.1399119308914567 0.09179157466499761 0
0.1395893772428842 0.09746753635003189 0
0.1392493885757474 0.1031326562452776 0
0.1388923289601395 0.1087863696951685 0
0.138518580744092 0.1144281242618009 0
0.1381285441448813 0.1200573803145918 0
0.1377226368254656 0.1256736116019424 0
0.1373012934387923 0.1312763058252169 0
0.1590375825867334 0.006504720741491977 0
0.1590156625357941 0.01300896317640427 0
0.1589791551990797 0.01951224951019952 0
0.1589280996695256 0.02601410297235176 0
0.1588625506187027 0.03251404832615321 0
0.158782578238231 0.03901161237827055 0
0.1586882681644577 0.04550632448604482 0
0.1585797213870208 0.05199771706001934 0
0.1584570541406001 0.05848532606541487 0
0.1583203977801267 0.06496869151997089 0
0.1581698986411132 0.0714473579834046 0
0.1580057178812211 0.07792087505024035 0
0.157828031310542 0.08438879782458791 0
0.157637029199657 0.09085068740573281 0
0.1574329160784128 0.09730611135172525 0
0.1572159105165442 0.1037546441436618 0
0.1569862448879354 0.1101958676442454 0
0.1567441651244497 0.116629371540732 0
0.1564899304523809 0.1230547537853502 0
0.1562238131123356 0.1294716210295857 0
0.1559460980682347 0.1358795890440317 0
0.1556570827057262 0.1422782831254257 0
0.1553570765077221 0.1486673385053377 0
0.1780898698151629 0.007355238228716252 0
0.1780781451367848 0.01471022061903075 0
0.1780586179567342 0.02206469160642424 0
0.1780313091851858 0.02941839617409896 0
0.1779962480650728 0.03677108012568027 0
0.17795347214075 0.04412249035776084 0
0.1779030272177053 0.05147237513124342 0
0.1778449673136519 0.05882048434014028 0
0.1777793546006276 0.06616656977980145 0
0.1777062593382467 0.07351038541320579 0
0.1776257597989922 0.08085168763276206 0
0.1775379421834739 0.08819023552391422 0
0.177442900529647 0.09552579111911137 0
0.1773407366101481 0.1028581196574891 0
0.177231559824662 0.1101869898328879 0
0.1771154870825817 0.1175121740421727 0
0.1769926426769144 0.1248334486305134 0
0.1768631581526102 0.1321505941283016 0
0.176727172165593 0.1394633954867302 0
0.1765848303329313 0.1467716423100826 0
0.1764362850771869 0.1540751290803049 0
0.1762816954651014 0.1613736553747212 0
0.1761212270340458 0.1686670260846379 0
2 4 0 345
2253
2254
2255
2256
2257
2258
2259
2260
2261
2262
2263
2264
2265
2266
2267
2268
2269
2270
2271
2272
2273
2274
2275
2276
2277
2278
2279
2280
2281
2282
2283
2284
2285
2286
2287
2288
2289
2290
2291
2292
2293
2294
2295
2296
2297
2298
2299
2300
2301
2302
2303
2304
2305
2306
2307
2308
2309
2310
2311
2312
2313
2314
2315
2316
2317
2318
2319
2320
2321
2322
2323
2324
2325
2326
2327
2328
2329
2330
2331
2332
2333
2334
2335
2336
2337
2338
2339
2340
2341
2342
2343
2344
2345
2346
2347
2348
2349
2350
2351
2352
2353
2354
2355
2356
2357
2358
2359
2360
2361
2362
2363
2364
2365
2366
2367
2368
2369
2370
2371
2372
2373
2374
2375
2376
2377
2378
2379
2380
2381
2382
2383
2384
2385
2386
2387
2388
2389
2390
2391
2392
2393
2394
2395
2396
2397
2398
2399
2400
2401
2402
2403
2404
2405
2406
2407
2408
2409
2410
2411
2412
2413
2414
2415
2416
2417
2418
2419
2420
2421
2422
2423
2424
2425
2426
2427
2428
2429
2430
2431
2432
2433
2434
2435
2436
2437
2438
2439
2440
2441
2442
2443
2444
2445
2446
2447
2448
2449
2450
2451
2452
2453
2454
2455
2456
2457
2458
2459
2460
2461
2462
2463
2464
2465
2466
2467
2468
2469
2470
2471
2472
2473
2474
2475
2476
2477
2478
2479
2480
2481
2482
2483
2484
2485
2486
2487
2488
2489
2490
2491
2492
2493
2494
2495
2496
2497
2498
2499
2500
2501
2502
2503
2504
2505
2506
2507
2508
2509
2510
2511
2512
2513
2514
2515
2516
2517
2518
2519
2520
2521
2522
2523
2524
2525
2526
2527
2528
2529
2530
2531
2532
2533
2534
2535
2536
2537
2538
2539
2540
2541
2542
2543
2544
2545
2546
2547
2548
2549
2550
2551
2552
2553
2554
2555
2556
2557
2558
2559
2560
2561
2562
2563
2564
2565
2566
2567
2568
2569
2570
2571
2572
2573
2574
2575
2576
2577
2578
2579
2580
2581
2582
2583
2584
2585
2586
2587
2588
2589
2590
2591
2592
2593
2594
2595
2596
2597
0.03700614412331429 0.03942777318008691 0
0.03566601410002136 0.04050683923756728 0
0.03429121546477613 0.04154637332755158 0
0.03288306023911668 0.0425452622828064 0
0.03144289614882489 0.04350243647258419 0
0.02997210520072466 0.04441687093083572 0
0.02847210219459407 0.04528758646018284 0
0.02694433321726803 0.04611365067453214 0
0.02539027408611608 0.04689417900312973 0
0.02381142877072306 0.047628335636329 0
0.02220932777972067 0.04831533442180961 0
0.02058552651911164 0.04895443970703567 0
0.01894160365403691 0.04954496711572223 0
0.01727915936939065 0.05008628430140197 0
0.01559981370455021 0.05057781160492383 0
0.01390520477579305 0.05101902269049682 0
0.01219698706379696 0.05140944509579244 0
0.01047682960778478 0.05174866074818616 0
0.008746414243944416 0.05203630640578159 0
0.007007433792517994 0.05227207404991557 0
0.005261590226487974 0.05245571121674387 0
0.003510592888536785 0.05258702126186383 0
0.001756156634688734 0.05266586357512391 0
0.04025665243498196 0.04280252809050528 0
0.03876954589104514 0.04385891536007656 0
0.03724849936719118 0.04487660150758546 0
0.03569479731013276 0.04585449676129263 0
0.03410975912042832 0.04679155397093607 0
0.03249473775919184 0.04768676971223171 0
0.03085111829128032 0.04853918536764405 0
0.02918031641104583 0.04934788814708713 0
0.02748377691852688 0.05011201207087693 0
0.02576297217430068 0.05083073889562202 0
0.02401940052021876 0.05150329899160659 0
0.02225458467223428 0.05212897216754266 0
0.02047007011659936 0.0527070884307176 0
0.01866742340703911 0.05323702872472291 0
0.01684823053447842 0.05371822557313426 0
0.01501409518681909 0.05415016370218769 0
0.01316663707243167 0.05453238057932009 0
0.01130749015225419 0.05486446691856132 0
0.00943830091523519 0.0551460671122889 0
0.007560726603525034 0.05537687961548411 0
0.00567643341965076 0.05555665727034855 0
0.003787094780950051 0.05568520756536526 0
0.001894389502228202 0.05576239284559367 0
0.04399473710402012 0.04668349635233508 0
0.04233860755634093 0.04771380301503918 0
0.04064937595560991 0.04870636402795785 0
0.03892829503748946 0.04966011652417084 0
0.03717665162853015 0.05057403920597518 0
0.03539576528727859 0.05144715342211754 0
0.0335869868834315 0.05227852422188214 0
0.03175169715998463 0.05306726135059225 0
0.02989130524704478 0.05381252020829484 0
0.02800724715482929 0.05451350275279254 0
0.02610098423339142 0.05516945835536531 0
0.02417400160512621 0.05577968460516085 0
0.02222780660056248 0.05634352805057507 0
0.02026392709757983 0.05686038491876762 0
0.01828390993138162 0.05732970174345039 0
0.01628931919723647 0.05775097597219073 0
0.01428173461536043 0.05812375649165628 0
0.01226274980666279 0.05844764412052952 0
0.01023397061076566 0.0587222920306034 0
0.008197013355012625 0.0589474061215504 0
0.006153503105905786 0.05912274533752508 0
0.004105071966635137 0.05924812191982917 0
0.002053357304602888 0.0593234016120148 0
0.04829353442217103 0.05114660980023754 0
0.04644302842250517 0.05214692376540174 0
0.04456038398567105 0.05311059087388594 0
0.04264681737962374 0.05403657919931138 0
0.04070357797080519 0.05492389717441776 0
0.03873194690481005 0.05577159463693666 0
0.0367332357269011 0.05657876385299473 0
0.03470878498601487 0.05734454048363542 0
0.03265996279183712 0.05806810451559621 0
0.0305881633516719 0.0587486811380525 0
0.02849480547500491 0.05938554157342919 0
0.0263813310516399 0.05997800385837471 0
0.02424920353302442 0.06052543356355957 0
0.02209990631981623 0.06102724449224666 0
0.0199349412181395 0.06148289928980426 0
0.01775582679173525 0.06189191003333059 0
0.01556409677444236 0.06225383874160843 0
0.01336129839613766 0.06256829785367073 0
0.01114899074971839 0.06283495063763797 0
0.008928743110500924 0.06305351155457752 0
0.006702133238559229 0.06322374656588965 0
0.00447074572581405 0.06334547337861761 0
0.002236170275154594 0.06341856164457997 0
0.05323715129384735 0.05627919021943906 0
0.05116311237639524 0.05724501258274103 0
0.04905804318003108 0.05817545170142296 0
0.0469231180348469 0.05906951123072852 0
0.0447595432281601 0.05992623379340605 0
0.04256855573067091 0.06074470198951964 0
0.04035142186454357 0.06152403938456431 0
0.0381094359555469 0.06226341144266158 0
0.03584391893988288 0.06296202642524261 0
0.03355621695150567 0.06361913623756142 0
0.0312476998782488 0.06423403723085926 0
0.02891975989243639 0.06480607095641018 0
0.02657380998457302 0.06533462486050041 0
0.0242112824065118 0.06581913295891122 0
0.0218336271809363 0.06625907642541572 0
0.01944231051033122 0.06665398416107227 0
0.0170388132442022 0.06700343328659615 0
0.01462462926273923 0.06730704960442314 0
0.01220126390010641 0.06756450799345032 0
0.009770232321789314 0.06777553276034896 0
0.007333057885470047 0.06793989793635197 0
0.004891270545110184 0.06805742751410522 0
0.002446405189409496 0.06812799563993373 0
0.05892231064257776 0.06218165764577033 0
0.05659120887209949 0.06310781466730478 0
0.05423035120469176 0.06400004159807443 0
0.05184086374190459 0.06485738301218831 0
0.04942390323006258 0.06567892085090438 0
0.04698065583873788 0.0664637753909687 0
0.04451233588353193 0.06721110619214968 0
0.04202018453357109 0.06792011299210818 0
0.03950546847555159 0.06859003656817292 0
0.03696947855907572 0.06922015954908788 0
0.03441352841207752 0.06980980718423295 0
0.03183895303178012 0.07035834806670134 0
0.0292471073786042 0.07086519479973712 0
0.0266393648832781 0.07132980464351751 0
0.0240171160175292 0.07175168007948088 0
0.02138176676839811 0.07213036935623988 0
0.01873473716840776 0.0724654669617316 0
0.01607745974560882 0.07275661406630514 0
0.01341137801162293 0.07300349890125039 0
0.01073794490563077 0.07320585709568321 0
0.008058621222564431 0.07336347196114391 0
0.005374874082733036 0.07347617471872113 0
0.002688175338519077 0.07354384468342241 0
0.06546024382408623 0.06896949511386249 0
0.06283351977577188 0.06985003699284989 0
0.06017850536979241 0.07069831990798819 0
0.05749627124487516 0.07151343549008116 0
0.05478791717520363 0.07229451089667235 0
0.05205457090905334 0.0730407097326916 0
0.04929738695447905 0.0737512329513212 0
0.04651754535046905 0.07442531970479198 0
0.04371625039678852 0.07506224816371428 0
0.04089472936603586 0.07566133628884535 0
0.03805423118726131 0.07622194256242402 0
0.03519602510632262 0.07674346667563535 0
0.03232139934904467 0.07722535016222445 0
0.02943165970186301 0.07766707701342372 0
0.02652812815290619 0.07806817421448622 0
0.02361214144145479 0.0784282122637118 0
0.02068504966050239 0.07874680562134254 0
0.0177482147831402 0.07902361313082754 0
0.01480300922506678 0.07925833837870841 0
0.01185081436521297 0.07945073001491208 0
0.008893019051349069 0.07960058202333203 0
0.005931018145084664 0.07970773393776644 0
0.002966211007038159 0.07977207101720729 0
0.07297886713290055 0.07677550835798447 0
0.07001217745828858 0.07760359282199547 0
0.06701888279619922 0.07840134011814881 0
0.06399999000311232 0.07916789599244829 0
0.06095653333524788 0.07990243960116684 0
0.05788957335638886 0.08060418437664667 0
0.05480019579591001 0.08127237887449711 0
0.0516895103931395 0.08190630757370528 0
0.04855864970287035 0.08250529164715621 0
0.04540876788414494 0.08306868968742318 0
0.04224103946229574 0.08359589839453366 0
0.03905665806910875 0.08408635322247898 0
0.03585683518562219 0.0845395289750812 0
0.03264279880733334 0.08495494038428671 0
0.02941579216623053 0.08533214261473612 0
0.02617707236666866 0.08567073175186994 0
0.02292790907118103 0.08597034522408147 0
0.01966958311465383 0.08623066219888535 0
0.0164033851524724 0.08645140392136288 0
0.01313061426927864 0.08663233401537399 0
0.009852576573605172 0.08677325873801872 0
0.006570583829555436 0.08687402718271121 0
0.003285952032217467 0.08693453144402596 0
0.08162528401075525 0.08575242366422257 0
0.07826763386261294 0.08652018210050347 0
0.0748853169027254 0.08725981343433545 0
0.07147926663798738 0.0879705256442028 0
0.06805044197896001 0.08865155768491785 0
0.06459982622725934 0.08930218029034755 0
0.06112842601677743 0.08992169675889262 0
0.05763727024223246 0.09050944369531042 0
0.05412740895169889 0.0910647917251024 0
0.050599912223629 0.09158714616743059 0
0.04705586901907906 0.09207594767277975 0
0.04349638601365187 0.09253067282236875 0
0.03992258643188016 0.09295083468060845 0
0.03633560880968155 0.09333598333126671 0
0.03273660580948227 0.09368570634528003 0
0.02912674295547197 0.09399962923330095 0
0.02550719741515382 0.09427741583709698 0
0.02187915671447747 0.09451876869685814 0
0.01824381748446727 0.09472342936498666 0
0.01460238417133205 0.09489117868536556 0
0.01095606773348029 0.09502183702928262 0
0.007306084372882541 0.09511526448371023 0
0.003653654214266124 0.09517136100414296 0
0.09156866337376726 0.09607587621809714 0
0.08776140868316862 0.09677425972281266 0
0.08393171608290628 0.09744705770028744 0
0.08008043472785245 0.09809354969635807 0
0.07620843688106116 0.09871304343415681 0
0.0723166169926568 0.09930487554430364 0
0.06840589073672682 0.09986841227940918 0
0.06447719403668825 0.1004030501888662 0
0.06053148205788979 0.100908216768685 0
0.05656972818610546 0.1013833710736041 0
0.05259292298347439 0.1018280042971341 0
0.0486020731259891 0.1022416403168053 0
0.04459820034320163 0.1026238361967056 0
0.04058234029251331 0.102974182675197 0
0.03655554148135457 0.1032923045904564 0
0.03251886411672548 0.10357786129213 0
0.02847337899684503 0.1038305469973653 0
0.02442016634238636 0.1040500911249291 0
0.02036031465635919 0.1042362585806425 0
0.01629491955077483 0.104388850011415 0
0.01222508256139949 0.1045077020198502 0
0.008151909993751452 0.1045926873355124 0
0.004076511721643712 0.1046437149539543 0
0.1030035496294631 0.1079478466428352 0
0.09867924971557178 0.1085664489763329 0
0.09433507512940792 0.1091623885940762 0
0.08997177802101781 0.1097350273443568 0
0.08559013100882257 0.1102837520338747 0
0.08119092636373113 0.1108079750745159 0
0.07677497515605568 0.1113071351162325 0
0.07234310639221742 0.1117806976447478 0
0.06789616612243012 0.1122281555571568 0
0.06343501653588812 0.1126490297041115 0
0.05896053503597591 0.113042869403602 0
0.05447361329913439 0.1134092529239165 0
0.04997515633568776 0.1137477879287714 0
0.04546608149274388 0.1140581119093124 0
0.04094731749948805 0.1143398925610424 0
0.03641980344815247 0.1145928281484501 0
0.03188448781227947 0.1148166478203706 0
0.02734232741147431 0.1150111119059334 0
0.02279428640153003 0.1151760121673915 0
0.01824133523513092 0.1153111720251348 0
0.0136844496120047 0.1154164467477799 0
0.009124609456749668 0.1154917236038722 0
0.004562797854627485 0.1155369219850306 0
0.1161536687637465 0.1216006125692326 0
0.1112347668457711 0.1221274665562466 0
0.1062989379785095 0.1226350190607003 0
0.1013468227564589 0.1231227265787081 0
0.09637907920671278 0.123590066863073 0
0.09139638209408313 0.1240365394741361 0
0.08639942219454114 0.1244616663187916 0
0.08138890555996309 0.1248649921595429 0
0.07636555275815843 0.1252460851047322 0
0.0713300981022553 0.1256045370703116 0
0.06628328886307103 0.1259399642174219 0
0.0612258844675626 0.1262520073637231 0
0.05615865569894302 0.126540332362504 0
0.05108238384748312 0.126804630470611 0
0.04599785989738699 0.127044618669472 0
0.04090588365890441 0.1272600399756445 0
0.0358072629322002 0.1274506637094036 0
0.03070281262565216 0.1276162857467962 0
0.02559335389575484 0.1277567287349718 0
0.02047971326196707 0.1278718422838224 0
0.015362721712573 0.1279615031278798 0
0.0102432138341136 0.1280256152555173 0
0.005122026905017152 0.1280641100138302 0
0.1312763058226864 0.137301293441188 0
0.1256736115975492 0.1377226368293662 0
0.1200573803045724 0.1381285441531713 0
0.1144281242493713 0.1385185807537142 0
0.1087863696790121 0.1388923289718164 0
0.1031326562262947 0.1392493885885431 0
0.09746753632869755 0.1395893772562724 0
0.09179157464036997 0.1399119309058048 0
0.08610534742435584 0.1402167041384171 0
0.08040944193630659 0.1405033705951568 0
0.07470445579458679 0.1407716233067886 0
0.06899099633924657 0.1410211750227501 0
0.06326967999232022 0.1412517585143385 0
0.0575411315787156 0.1414631268689565 0
0.05180598367590777 0.1416550537468456 0
0.04606487591986618 0.141827333629443 0
0.04031845433637086 0.1419797820341796 0
0.03456737063588755 0.1421122357160578 0
0.02881228152571687 0.1422245528398579 0
0.02305384800210781 0.1423166131333998 0
0.01729273463518381 0.1423883180170174 0
0.01152960887271929 0.1424395907068863 0
0.005765140315283544 0.1424703762989001 0
0.1486673385035486 0.1553570765094279 0
0.1422782831223231 0.1556570827085035 0
0.1358795890369359 0.1559460980741373 0
0.1294716210207871 0.1562238131191868 0
0.1230547537739113 0.1564899304606951 0
0.1166293715272939 0.1567441651335605 0
0.1101958676291463 0.156986244897468 0
0.1037546441262309 0.1572159105267603 0
0.09730611133111079 0.1574329160895895 0
0.0908506873833386 0.1576370292108626 0
0.08438879780095754 0.1578280313214125 0
0.07792087502407406 0.1580057178922212 0
0.07144735795936651 0.158169898650296 0
0.06496869149657462 0.1583203977881794 0
0.05848532604543436 0.158457054146749 0
0.05199771704149215 0.1585797213920535 0
0.04550632446998486 0.1586882681682536 0
0.03901161236377867 0.1587825782411505 0
0.03251404831360048 0.1588625506207999 0
0.02601410296400728 0.1589280996706391 0
0.019512249504237 0.1589791551996747 0
0.01300896317248183 0.1590156625360548 0
0.006504720739772547 0.1590375825867906 0
0.1686670260837015 0.1761212270349581 0
0.1613736553731029 0.1762816954665869 0
0.1540751290765713 0.1764362850803441 0
0.1467716423054596 0.1765848303365959 0
0.1394633954807164 0.1767271721700401 0
0.1321505941212399 0.1768631581574834 0
0.1248334486225846 0.1769926426820132 0
0.1175121740330183 0.1771154870880461 0
0.1101869898220506 0.1772315598306402 0
0.1028581196457211 0.1773407366161417 0
0.09552579110670306 0.1774429005354615 0
0.088190235510168 0.1775379421893575 0
0.08085168762013487 0.177625759803904 0
0.07351038540090001 0.1777062593425538 0
0.06616656976929962 0.1777793546039165 0
0.05882048433039354 0.1778449673163437 0
0.05147237512279409 0.1779030272197356 0
0.04412249035012798 0.1779534721423116 0
0.03677108011906235 0.1779962480661946 0
0.02941839616970845 0.1780313091857813 0
0.02206469160328584 0.1780586179570524 0
0.01471022061696726 0.1780781451369241 0
0.00735523822781417 0.1780898698151935 0
$EndNodes
$Elements
11 2672 1 2672
1 1 1 24
1 1 10 
2 10 11 
3 11 12 
4 12 13 
5 13 14 
6 14 15 
7 15 16 
8 16 17 
9 17 18 
10 18 19 
11 19 20 
12 20 21 
13 21 22 
14 22 23 
15 23 24 
16 24 25 
17 25 26 
18 26 27 
19 27 28 
20 28 29 
21 29 30 
22 30 31 
23 31 32 
24 32 2 
1 2 1 24
25 2 33 
26 33 34 
27 34 35 
28 35 36 
29 36 37 
30 37 38 
31 38 39 
32 39 40 
33 40 41 
34 41 42 
35 42 43 
36 43 44 
37 44 45 
38 45 46 
39 46 47 
40 47 48 
41 48 49 
42 49 50 
43 50 51 
44 51 52 
45 52 53 
46 53 54 
47 54 55 
48 55 3 
1 5 1 36
49 1 102 
50 102 103 
51 103 104 
52 104 105 
53 105 106 
54 106 107 
55 107 108 
56 108 109 
57 109 110 
58 110 111 
59 111 112 
60 112 113 
61 113 114 
62 114 115 
63 115 116 
64 116 117 
65 117 118 
66 118 119 
67 119 120 
68 120 121 
69 121 122 
70 122 123 
71 123 124 
72 124 125 
73 125 126 
74 126 127 
75 127 128 
76 128 129 
77 129 130 
78 130 131 
79 131 132 
80 132 133 
81 133 134 
82 134 135 
83 135 136 
84 136 4 
1 7 1 36
85 3 172 
86 172 173 
87 173 174 
88 174 175 
89 175 176 
90 176 177 
91 177 178 
92 178 179 
93 179 180 
94 180 181 
95 181 182 
96 182 183 
97 183 184 
98 184 185 
99 185 186 
100 186 187 
101 187 188 
102 188 189 
103 189 190 
104 190 191 
105 191 192 
106 192 193 
107 193 194 
108 194 195 
109 195 196 
110 196 197 
111 197 198 
112 198 199 
113 199 200 
114 200 201 
115 201 202 
116 202 203 
117 203 204 
118 204 205 
119 205 206 
120 206 6 
1 8 1 16
121 4 207 
122 207 208 
123 208 209 
124 209 210 
125 210 211 
126 211 212 
127 212 213 
128 213 214 
129 214 215 
130 215 216 
131 216 217 
132 217 218 
133 218 219 
134 219 220 
135 220 221 
136 221 7 
1 10 1 16
137 6 237 
138 237 238 
139 238 239 
140 239 240 
141 240 241 
142 241 242 
143 242 243 
144 243 244 
145 244 245 
146 245 246 
147 246 247 
148 247 248 
149 248 249 
150 249 250 
151 250 251 
152 251 9 
1 11 1 24
153 7 252 
154 252 253 
155 253 254 
156 254 255 
157 255 256 
158 256 257 
159 257 258 
160 258 259 
161 259 260 
162 260 261 
163 261 262 
164 262 263 
165 263 264 
166 264 265 
167 265 266 
168 266 267 
169 267 268 
170 268 269 
171 269 270 
172 270 271 
173 271 272 
174 272 273 
175 273 274 
176 274 8 
2 1 3 864
177 1 102 298 10 
178 10 298 299 11 
179 11 299 300 12 
180 12 300 301 13 
181 13 301 302 14 
182 14 302 303 15 
183 15 303 304 16 
184 16 304 305 17 
185 17 305 306 18 
186 18 306 307 19 
187 19 307 308 20 
188 20 308 309 21 
189 21 309 310 22 
190 22 310 311 23 
191 23 311 312 24 
192 24 312 313 25 
193 25 313 314 26 
194 26 314 315 27 
195 27 315 316 28 
196 28 316 317 29 
197 29 317 318 30 
198 30 318 319 31 
199 31 319 320 32 
200 32 320 137 2 
201 102 103 321 298 
202 298 321 322 299 
203 299 322 323 300 
204 300 323 324 301 
205 301 324 325 302 
206 302 325 326 303 
207 303 326 327 304 
208 304 327 328 305 
209 305 328 329 306 
210 306 329 330 307 
211 307 330 331 308 
212 308 331 332 309 
213 309 332 333 310 
214 310 333 334 311 
215 311 334 335 312 
216 312 335 336 313 
217 313 336 337 314 
218 314 337 338 315 
219 315 338 339 316 
220 316 339 340 317 
221 317 340 341 318 
222 318 341 342 319 
223 319 342 343 320 
224 320 343 138 137 
225 103 104 344 321 
226 321 344 345 322 
227 322 345 346 323 
228 323 346 347 324 
229 324 347 348 325 
230 325 348 349 326 
231 326 349 350 327 
232 327 350 351 328 
233 328 351 352 329 
234 329 352 353 330 
235 330 353 354 331 
236 331 354 355 332 
237 332 355 356 333 
238 333 356 357 334 
239 334 357 358 335 
240 335 358 359 336 
241 336 359 360 337 
242 337 360 361 338 
243 338 361 362 339 
244 339 362 363 340 
245 340 363 364 341 
246 341 364 365 342 
247 342 365 366 343 
248 343 366 139 138 
249 104 105 367 344 
250 344 367 368 345 
251 345 368 369 346 
252 346 369 370 347 
253 347 370 371 348 
254 348 371 372 349 
255 349 372 373 350 
256 350 373 374 351 
257 351 374 375 352 
258 352 375 376 353 
259 353 376 377 354 
260 354 377 378 355 
261 355 378 379 356 
262 356 379 380 357 
263 357 380 381 358 
264 358 381 382 359 
265 359 382 383 360 
266 360 383 384 361 
267 361 384 385 362 
268 362 385 386 363 
269 363 386 387 364 
270 364 387 388 365 
271 365 388 389 366 
272 366 389 140 139 
273 105 106 390 367 
274 367 390 391 368 
275 368 391 392 369 
276 369 392 393 370 
277 370 393 394 371 
278 371 394 395 372 
279 372 395 396 373 
280 373 396 397 374 
281 374 397 398 375 
282 375 398 399 376 
283 376 399 400 377 
284 377 400 401 378 
285 378 401 402 379 
286 379 402 403 380 
287 380 403 404 381 
288 381 404 405 382 
289 382 405 406 383 
290 383 406 407 384 
291 384 407 408 385 
292 385 408 409 386 
293 386 409 410 387 
294 387 410 411 388 
295 388 411 412 389 
296 389 412 141 140 
297 106 107 413 390 
298 390 413 414 391 
299 391 414 415 392 
300 392 415 416 393 
301 393 416 417 394 
302 394 417 418 395 
303 395 418 419 396 
304 396 419 420 397 
305 397 420 421 398 
306 398 421 422 399 
307 399 422 423 400 
308 400 423 424 401 
309 401 424 425 402 
310 402 425 426 403 
311 403 426 427 404 
312 404 427 428 405 
313 405 428 429 406 
314 406 429 430 407 
315 407 430 431 408 
316 408 431 432 409 
317 409 432 433 410 
318 410 433 434 411 
319 411 434 435 412 
320 412 435 142 141 
321 107 108 436 413 
322 413 436 437 414 
323 414 437 438 415 
324 415 438 439 416 
325 416 439 440 417 
326 417 440 441 418 
327 418 441 442 419 
328 419 442 443 420 
329 420 443 444 421 
330 421 444 445 422 
331 422 445 446 423 
332 423 446 447 424 
333 424 447 448 425 
334 425 448 449 426 
335 426 449 450 427 
336 427 450 451 428 
337 428 451 452 429 
338 429 452 453 430 
339 430 453 454 431 
340 431 454 455 432 
341 432 455 456 433 
342 433 456 457 434 
343 434 457 458 435 
344 435 458 143 142 
345 108 109 459 436 
346 436 459 460 437 
347 437 460 461 438 
348 438 461 462 439 
349 439 462 463 440 
350 440 463 464 441 
351 441 464 465 442 
352 442 465 466 443 
353 443 466 467 444 
354 444 467 468 445 
355 445 468 469 446 
356 446 469 470 447 
357 447 470 471 448 
358 448 471 472 449 
359 449 472 473 450 
360 450 473 474 451 
361 451 474 475 452 
362 452 475 476 453 
363 453 476 477 454 
364 454 477 478 455 
365 455 478 479 456 
366 456 479 480 457 
367 457 480 481 458 
368 458 481 144 143 
369 109 110 482 459 
370 459 482 483 460 
371 460 483 484 461 
372 461 484 485 462 
373 462 485 486 463 
374 463 486 487 464 
375 464 487 488 465 
376 465 488 489 466 
377 466 489 490 467 
378 467 490 491 468 
379 468 491 492 469 
380 469 492 493 470 
381 470 493 494 471 
382 471 494 495 472 
383 472 495 496 473 
384 473 496 497 474 
385 474 497 498 475 
386 475 498 499 476 
387 476 499 500 477 
388 477 500 501 478 
389 478 501 502 479 
390 479 502 503 480 
391 480 503 504 481 
392 481 504 145 144 
393 110 111 505 482 
394 482 505 506 483 
395 483 506 507 484 
396 484 507 508 485 
397 485 508 509 486 
398 486 509 510 487 
399 487 510 511 488 
400 488 511 512 489 
401 489 512 513 490 
402 490 513 514 491 
403 491 514 515 492 
404 492 515 516 493 
405 493 516 517 494 
406 494 517 518 495 
407 495 518 519 496 
408 496 519 520 497 
409 497 520 521 498 
410 498 521 522 499 
411 499 522 523 500 
412 500 523 524 501 
413 501 524 525 502 
414 502 525 526 503 
415 503 526 527 504 
416 504 527 146 145 
417 111 112 528 505 
418 505 528 529 506 
419 506 529 530 507 
420 507 530 531 508 
421 508 531 532 509 
422 509 532 533 510 
423 510 533 534 511 
424 511 534 535 512 
425 512 535 536 513 
426 513 536 537 514 
427 514 537 538 515 
428 515 538 539 516 
429 516 539 540 517 
430 517 540 541 518 
431 518 541 542 519 
432 519 542 543 520 
433 520 543 544 521 
434 521 544 545 522 
435 522 545 546 523 
436 523 546 547 524 
437 524 547 548 525 
438 525 548 549 526 
439 526 549 550 527 
440 527 550 147 146 
441 112 113 551 528 
442 528 551 552 529 
443 529 552 553 530 
444 530 553 554 531 
445 531 554 555 532 
446 532 555 556 533 
447 533 556 557 534 
448 534 557 558 535 
449 535 558 559 536 
450 536 559 560 537 
451 537 560 561 538 
452 538 561 562 539 
453 539 562 563 540 
454 540 563 564 541 
455 541 564 565 542 
456 542 565 566 543 
457 543 566 567 544 
458 544 567 568 545 
459 545 568 569 546 
460 546 569 570 547 
461 547 570 571 548 
462 548 571 572 549 
463 549 572 573 550 
464 550 573 148 147 
465 113 114 574 551 
466 551 574 575 552 
467 552 575 576 553 
468 553 576 577 554 
469 554 577 578 555 
470 555 578 579 556 
471 556 579 580 557 
472 557 580 581 558 
473 558 581 582 559 
474 559 582 583 560 
475 560 583 584 561 
476 561 584 585 562 
477 562 585 586 563 
478 563 586 587 564 
479 564 587 588 565 
480 565 588 589 566 
481 566 589 590 567 
482 567 590 591 568 
483 568 591 592 569 
484 569 592 593 570 
485 570 593 594 571 
486 571 594 595 572 
487 572 595 596 573 
488 573 596 149 148 
489 114 115 597 574 
490 574 597 598 575 
491 575 598 599 576 
492 576 599 600 577 
493 577 600 601 578 
494 578 601 602 579 
495 579 602 603 580 
496 580 603 604 581 
497 581 604 605 582 
498 582 605 606 583 
499 583 606 607 584 
500 584 607 608 585 
501 585 608 609 586 
502 586 609 610 587 
503 587 610 611 588 
504 588 611 612 589 
505 589 612 613 590 
506 590 613 614 591 
507 591 614 615 592 
508 592 615 616 593 
509 593 616 617 594 
510 594 617 618 595 
511 595 618 619 596 
512 596 619 150 149 
513 115 116 620 597 
514 597 620 621 598 
515 598 621 622 599 
516 599 622 623 600 
517 600 623 624 601 
518 601 624 625 602 
519 602 625 626 603 
520 603 626 627 604 
521 604 627 628 605 
522 605 628 629 606 
523 606 629 630 607 
524 607 630 631 608 
525 608 631 632 609 
526 609 632 633 610 
527 610 633 634 611 
528 611 634 635 612 
529 612 635 636 613 
530 613 636 637 614 
531 614 637 638 615 
532 615 638 639 616 
533 616 639 640 617 
534 617 640 641 618 
535 618 641 642 619 
536 619 642 151 150 
537 116 117 643 620 
538 620 643 644 621 
539 621 644 645 622 
540 622 645 646 623 
541 623 646 647 624 
542 624 647 648 625 
543 625 648 649 626 
544 626 649 650 627 
545 627 650 651 628 
546 628 651 652 629 
547 629 652 653 630 
548 630 653 654 631 
549 631 654 655 632 
550 632 655 656 633 
551 633 656 657 634 
552 634 657 658 635 
553 635 658 659 636 
554 636 659 660 637 
555 637 660 661 638 
556 638 661 662 639 
557 639 662 663 640 
558 640 663 664 641 
559 641 664 665 642 
560 642 665 152 151 
561 117 118 666 643 
562 643 666 667 644 
563 644 667 668 645 
564 645 668 669 646 
565 646 669 670 647 
566 647 670 671 648 
567 648 671 672 649 
568 649 672 673 650 
569 650 673 674 651 
570 651 674 675 652 
571 652 675 676 653 
572 653 676 677 654 
573 654 677 678 655 
574 655 678 679 656 
575 656 679 680 657 
576 657 680 681 658 
577 658 681 682 659 
578 659 682 683 660 
579 660 683 684 661 
580 661 684 685 662 
581 662 685 686 663 
582 663 686 687 664 
583 664 687 688 665 
584 665 688 153 152 
585 118 119 689 666 
586 666 689 690 667 
587 667 690 691 668 
588 668 691 692 669 
589 669 692 693 670 
590 670 693 694 671 
591 671 694 695 672 
592 672 695 696 673 
593 673 696 697 674 
594 674 697 698 675 
595 675 698 699 676 
596 676 699 700 677 
597 677 700 701 678 
598 678 701 702 679 
599 679 702 703 680 
600 680 703 704 681 
601 681 704 705 682 
602 682 705 706 683 
603 683 706 707 684 
604 684 707 708 685 
605 685 708 709 686 
606 686 709 710 687 
607 687 710 711 688 
608 688 711 154 153 
609 119 120 712 689 
610 689 712 713 690 
611 690 713 714 691 
612 691 714 715 692 
613 692 715 716 693 
614 693 716 717 694 
615 694 717 718 695 
616 695 718 719 696 
617 696 719 720 697 
618 697 720 721 698 
619 698 721 722 699 
620 699 722 723 700 
621 700 723 724 701 
622 701 724 725 702 
623 702 725 726 703 
624 703 726 727 704 
625 704 727 728 705 
626 705 728 729 706 
627 706 729 730 707 
628 707 730 731 708 
629 708 731 732 709 
630 709 732 733 710 
631 710 733 734 711 
632 711 734 155 154 
633 120 121 735 712 
634 712 735 736 713 
635 713 736 737 714 
636 714 737 738 715 
637 715 738 739 716 
638 716 739 740 717 
639 717 740 741 718 
640 718 741 742 719 
641 719 742 743 720 
642 720 743 744 721 
643 721 744 745 722 
644 722 745 746 723 
645 723 746 747 724 
646 724 747 748 725 
647 725 748 749 726 
648 726 749 750 727 
649 727 750 751 728 
650 728 751 752 729 
651 729 752 753 730 
652 730 753 754 731 
653 731 754 755 732 
654 732 755 756 733 
655 733 756 757 734 
656 734 757 156 155 
657 121 122 758 735 
658 735 758 759 736 
659 736 759 760 737 
660 737 760 761 738 
661 738 761 762 739 
662 739 762 763 740 
663 740 763 764 741 
664 741 764 765 742 
665 742 765 766 743 
666 743 766 767 744 
667 744 767 768 745 
668 745 768 769 746 
669 746 769 770 747 
670 747 770 771 748 
671 748 771 772 749 
672 749 772 773 750 
673 750 773 774 751 
674 751 774 775 752 
675 752 775 776 753 
676 753 776 777 754 
677 754 777 778 755 
678 755 778 779 756 
679 756 779 780 757 
680 757 780 157 156 
681 122 123 781 758 
682 758 781 782 759 
683 759 782 783 760 
684 760 783 784 761 
685 761 784 785 762 
686 762 785 786 763 
687 763 786 787 764 
688 764 787 788 765 
689 765 788 789 766 
690 766 789 790 767 
691 767 790 791 768 
692 768 791 792 769 
693 769 792 793 770 
694 770 793 794 771 
695 771 794 795 772 
696 772 795 796 773 
697 773 796 797 774 
698 774 797 798 775 
699 775 798 799 776 
700 776 799 800 777 
701 777 800 801 778 
702 778 801 802 779 
703 779 802 803 780 
704 780 803 158 157 
705 123 124 804 781 
706 781 804 805 782 
707 782 805 806 783 
708 783 806 807 784 
709 784 807 808 785 
710 785 808 809 786 
711 786 809 810 787 
712 787 810 811 788 
713 788 811 812 789 
714 789 812 813 790 
715 790 813 814 791 
716 791 814 815 792 
717 792 815 816 793 
718 793 816 817 794 
719 794 817 818 795 
720 795 818 819 796 
721 796 819 820 797 
722 797 820 821 798 
723 798 821 822 799 
724 799 822 823 800 
725 800 823 824 801 
726 801 824 825 802 
727 802 825 826 803 
728 803 826 159 158 
729 124 125 827 804 
730 804 827 828 805 
731 805 828 829 806 
732 806 829 830 807 
733 807 830 831 808 
734 808 831 832 809 
735 809 832 833 810 
736 810 833 834 811 
737 811 834 835 812 
738 812 835 836 813 
739 813 836 837 814 
740 814 837 838 815 
741 815 838 839 816 
742 816 839 840 817 
743 817 840 841 818 
744 818 841 842 819 
745 819 842 843 820 
746 820 843 844 821 
747 821 844 845 822 
748 822 845 846 823 
749 823 846 847 824 
750 824 847 848 825 
751 825 848 849 826 
752 826 849 160 159 
753 125 126 850 827 
754 827 850 851 828 
755 828 851 852 829 
756 829 852 853 830 
757 830 853 854 831 
758 831 854 855 832 
759 832 855 856 833 
760 833 856 857 834 
761 834 857 858 835 
762 835 858 859 836 
763 836 859 860 837 
764 837 860 861 838 
765 838 861 862 839 
766 839 862 863 840 
767 840 863 864 841 
768 841 864 865 842 
769 842 865 866 843 
770 843 866 867 844 
771 844 867 868 845 
772 845 868 869 846 
773 846 869 870 847 
774 847 870 871 848 
775 848 871 872 849 
776 849 872 161 160 
777 126 127 873 850 
778 850 873 874 851 
779 851 874 875 852 
780 852 875 876 853 
781 853 876 877 854 
782 854 877 878 855 
783 855 878 879 856 
784 856 879 880 857 
785 857 880 881 858 
786 858 881 882 859 
787 859 882 883 860 
788 860 883 884 861 
789 861 884 885 862 
790 862 885 886 863 
791 863 886 887 864 
792 864 887 888 865 
793 865 888 889 866 
794 866 889 890 867 
795 867 890 891 868 
796 868 891 892 869 
797 869 892 893 870 
798 870 893 894 871 
799 871 894 895 872 
800 872 895 162 161 
801 127 128 896 873 
802 873 896 897 874 
803 874 897 898 875 
804 875 898 899 876 
805 876 899 900 877 
806 877 900 901 878 
807 878 901 902 879 
808 879 902 903 880 
809 880 903 904 881 
810 881 904 905 882 
811 882 905 906 883 
812 883 906 907 884 
813 884 907 908 885 
814 885 908 909 886 
815 886 909 910 887 
816 887 910 911 888 
817 888 911 912 889 
818 889 912 913 890 
819 890 913 914 891 
820 891 914 915 892 
821 892 915 916 893 
822 893 916 917 894 
823 894 917 918 895 
824 895 918 163 162 
825 128 129 919 896 
826 896 919 920 897 
827 897 920 921 898 
828 898 921 922 899 
829 899 922 923 900 
830 900 923 924 901 
831 901 924 925 902 
832 902 925 926 903 
833 903 926 927 904 
834 904 927 928 905 
835 905 928 929 906 
836 906 929 930 907 
837 907 930 931 908 
838 908 931 932 909 
839 909 932 933 910 
840 910 933 934 911 
841 911 934 935 912 
842 912 935 936 913 
843 913 936 937 914 
844 914 937 938 915 
845 915 938 939 916 
846 916 939 940 917 
847 917 940 941 918 
848 918 941 164 163 
849 129 130 942 919 
850 919 942 943 920 
851 920 943 944 921 
852 921 944 945 922 
853 922 945 946 923 
854 923 946 947 924 
855 924 947 948 925 
856 925 948 949 926 
857 926 949 950 927 
858 927 950 951 928 
859 928 951 952 929 
860 929 952 953 930 
861 930 953 954 931 
862 931 954 955 932 
863 932 955 956 933 
864 933 956 957 934 
865 934 957 958 935 
866 935 958 959 936 
867 936 959 960 937 
868 937 960 961 938 
869 938 961 962 939 
870 939 962 963 940 
871 940 963 964 941 
872 941 964 165 164 
873 130 131 965 942 
874 942 965 966 943 
875 943 966 967 944 
876 944 967 968 945 
877 945 968 969 946 
878 946 969 970 947 
879 947 970 971 948 
880 948 971 972 949 
881 949 972 973 950 
882 950 973 974 951 
883 951 974 975 952 
884 952 975 976 953 
885 953 976 977 954 
886 954 977 978 955 
887 955 978 979 956 
888 956 979 980 957 
889 957 980 981 958 
890 958 981 982 959 
891 959 982 983 960 
892 960 983 984 961 
893 961 984 985 962 
894 962 985 986 963 
895 963 986 987 964 
896 964 987 166 165 
897 131 132 988 965 
898 965 988 989 966 
899 966 989 990 967 
900 967 990 991 968 
901 968 991 992 969 
902 969 992 993 970 
903 970 993 994 971 
904 971 994 995 972 
905 972 995 996 973 
906 973 996 997 974 
907 974 997 998 975 
908 975 998 999 976 
909 976 999 1000 977 
910 977 1000 1001 978 
911 978 1001 1002 979 
912 979 1002 1003 980 
913 980 1003 1004 981 
914 981 1004 1005 982 
915 982 1005 1006 983 
916 983 1006 1007 984 
917 984 1007 1008 985 
918 985 1008 1009 986 
919 986 1009 1010 987 
920 987 1010 167 166 
921 132 133 1011 988 
922 988 1011 1012 989 
923 989 1012 1013 990 
924 990 1013 1014 991 
925 991 1014 1015 992 
926 992 1015 1016 993 
927 993 1016 1017 994 
928 994 1017 1018 995 
929 995 1018 1019 996 
930 996 1019 1020 997 
931 997 1020 1021 998 
932 998 1021 1022 999 
933 999 1022 1023 1000 
934 1000 1023 1024 1001 
935 1001 1024 1025 1002 
936 1002 1025 1026 1003 
937 1003 1026 1027 1004 
938 1004 1027 1028 1005 
939 1005 1028 1029 1006 
940 1006 1029 1030 1007 
941 1007 1030 1031 1008 
942 1008 1031 1032 1009 
943 1009 1032 1033 1010 
944 1010 1033 168 167 
945 133 134 1034 1011 
946 1011 1034 1035 1012 
947 1012 1035 1036 1013 
948 1013 1036 1037 1014 
949 1014 1037 1038 1015 
950 1015 1038 1039 1016 
951 1016 1039 1040 1017 
952 1017 1040 1041 1018 
953 1018 1041 1042 1019 
954 1019 1042 1043 1020 
955 1020 1043 1044 1021 
956 1021 1044 1045 1022 
957 1022 1045 1046 1023 
958 1023 1046 1047 1024 
959 1024 1047 1048 1025 
960 1025 1048 1049 1026 
961 1026 1049 1050 1027 
962 1027 1050 1051 1028 
963 1028 1051 1052 1029 
964 1029 1052 1053 1030 
965 1030 1053 1054 1031 
966 1031 1054 1055 1032 
967 1032 1055 1056 1033 
968 1033 1056 169 168 
969 134 135 1057 1034 
970 1034 1057 1058 1035 
971 1035 1058 1059 1036 
972 1036 1059 1060 1037 
973 1037 1060 1061 1038 
974 1038 1061 1062 1039 
975 1039 1062 1063 1040 
976 1040 1063 1064 1041 
977 1041 1064 1065 1042 
978 1042 1065 1066 1043 
979 1043 1066 1067 1044 
980 1044 1067 1068 1045 
981 1045 1068 1069 1046 
982 1046 1069 1070 1047 
983 1047 1070 1071 1048 
984 1048 1071 1072 1049 
985 1049 1072 1073 1050 
986 1050 1073 1074 1051 
987 1051 1074 1075 1052 
988 1052 1075 1076 1053 
989 1053 1076 1077 1054 
990 1054 1077 1078 1055 
991 1055 1078 1079 1056 
992 1056 1079 170 169 
993 135 136 1080 1057 
994 1057 1080 1081 1058 
995 1058 1081 1082 1059 
996 1059 1082 1083 1060 
997 1060 1083 1084 1061 
998 1061 1084 1085 1062 
999 1062 1085 1086 1063 
1000 1063 1086 1087 1064 
1001 1064 1087 1088 1065 
1002 1065 1088 1089 1066 
1003 1066 1089 1090 1067 
1004 1067 1090 1091 1068 
1005 1068 1091 1092 1069 
1006 1069 1092 1093 1070 
1007 1070 1093 1094 1071 
1008 1071 1094 1095 1072 
1009 1072 1095 1096 1073 
1010 1073 1096 1097 1074 
1011 1074 1097 1098 1075 
1012 1075 1098 1099 1076 
1013 1076 1099 1100 1077 
1014 1077 1100 1101 1078 
1015 1078 1101 1102 1079 
1016 1079 1102 171 170 
1017 136 4 56 1080 
1018 1080 56 57 1081 
1019 1081 57 58 1082 
1020 1082 58 59 1083 
1021 1083 59 60 1084 
1022 1084 60 61 1085 
1023 1085 61 62 1086 
1024 1086 62 63 1087 
1025 1087 63 64 1088 
1026 1088 64 65 1089 
1027 1089 65 66 1090 
1028 1090 66 67 1091 
1029 1091 67 68 1092 
1030 1092 68 69 1093 
1031 1093 69 70 1094 
1032 1094 70 71 1095 
1033 1095 71 72 1096 
1034 1096 72 73 1097 
1035 1097 73 74 1098 
1036 1098 74 75 1099 
1037 1099 75 76 1100 
1038 1100 76 77 1101 
1039 1101 77 78 1102 
1040 1102 78 5 171 
2 2 3 864
1041 2 137 1103 33 
1042 33 1103 1104 34 
1043 34 1104 1105 35 
1044 35 1105 1106 36 
1045 36 1106 1107 37 
1046 37 1107 1108 38 
1047 38 1108 1109 39 
1048 39 1109 1110 40 
1049 40 1110 1111 41 
1050 41 1111 1112 42 
1051 42 1112 1113 43 
1052 43 1113 1114 44 
1053 44 1114 1115 45 
1054 45 1115 1116 46 
1055 46 1116 1117 47 
1056 47 1117 1118 48 
1057 48 1118 1119 49 
1058 49 1119 1120 50 
1059 50 1120 1121 51 
1060 51 1121 1122 52 
1061 52 1122 1123 53 
1062 53 1123 1124 54 
1063 54 1124 1125 55 
1064 55 1125 172 3 
1065 137 138 1126 1103 
1066 1103 1126 1127 1104 
1067 1104 1127 1128 1105 
1068 1105 1128 1129 1106 
1069 1106 1129 1130 1107 
1070 1107 1130 1131 1108 
1071 1108 1131 1132 1109 
1072 1109 1132 1133 1110 
1073 1110 1133 1134 1111 
1074 1111 1134 1135 1112 
1075 1112 1135 1136 1113 
1076 1113 1136 1137 1114 
1077 1114 1137 1138 1115 
1078 1115 1138 1139 1116 
1079 1116 1139 1140 1117 
1080 1117 1140 1141 1118 
1081 1118 1141 1142 1119 
1082 1119 1142 1143 1120 
1083 1120 1143 1144 1121 
1084 1121 1144 1145 1122 
1085 1122 1145 1146 1123 
1086 1123 1146 1147 1124 
1087 1124 1147 1148 1125 
1088 1125 1148 173 172 
1089 138 139 1149 1126 
1090 1126 1149 1150 1127 
1091 1127 1150 1151 1128 
1092 1128 1151 1152 1129 
1093 1129 1152 1153 1130 
1094 1130 1153 1154 1131 
1095 1131 1154 1155 1132 
1096 1132 1155 1156 1133 
1097 1133 1156 1157 1134 
1098 1134 1157 1158 1135 
1099 1135 1158 1159 1136 
1100 1136 1159 1160 1137 
1101 1137 1160 1161 1138 
1102 1138 1161 1162 1139 
1103 1139 1162 1163 1140 
1104 1140 1163 1164 1141 
1105 1141 1164 1165 1142 
1106 1142 1165 1166 1143 
1107 1143 1166 1167 1144 
1108 1144 1167 1168 1145 
1109 1145 1168 1169 1146 
1110 1146 1169 1170 1147 
1111 1147 1170 1171 1148 
1112 1148 1171 174 173 
1113 139 140 1172 1149 
1114 1149 1172 1173 1150 
1115 1150 1173 1174 1151 
1116 1151 1174 1175 1152 
1117 1152 1175 1176 1153 
1118 1153 1176 1177 1154 
1119 1154 1177 1178 1155 
1120 1155 1178 1179 1156 
1121 1156 1179 1180 1157 
1122 1157 1180 1181 1158 
1123 1158 1181 1182 1159 
1124 1159 1182 1183 1160 
1125 1160 1183 1184 1161 
1126 1161 1184 1185 1162 
1127 1162 1185 1186 1163 
1128 1163 1186 1187 1164 
1129 1164 1187 1188 1165 
1130 1165 1188 1189 1166 
1131 1166 1189 1190 1167 
1132 1167 1190 1191 1168 
1133 1168 1191 1192 1169 
1134 1169 1192 1193 1170 
1135 1170 1193 1194 1171 
1136 1171 1194 175 174 
1137 140 141 1195 1172 
1138 1172 1195 1196 1173 
1139 1173 1196 1197 1174 
1140 1174 1197 1198 1175 
1141 1175 1198 1199 1176 
1142 1176 1199 1200 1177 
1143 1177 1200 1201 1178 
1144 1178 1201 1202 1179 
1145 1179 1202 1203 1180 
1146 1180 1203 1204 1181 
1147 1181 1204 1205 1182 
1148 1182 1205 1206 1183 
1149 1183 1206 1207 1184 
1150 1184 1207 1208 1185 
1151 1185 1208 1209 1186 
1152 1186 1209 1210 1187 
1153 1187 1210 1211 1188 
1154 1188 1211 1212 1189 
1155 1189 1212 1213 1190 
1156 1190 1213 1214 1191 
1157 1191 1214 1215 1192 
1158 1192 1215 1216 1193 
1159 1193 1216 1217 1194 
1160 1194 1217 176 175 
1161 141 142 1218 1195 
1162 1195 1218 1219 1196 
1163 1196 1219 1220 1197 
1164 1197 1220 1221 1198 
1165 1198 1221 1222 1199 
1166 1199 1222 1223 1200 
1167 1200 1223 1224 1201 
1168 1201 1224 1225 1202 
1169 1202 1225 1226 1203 
1170 1203 1226 1227 1204 
1171 1204 1227 1228 1205 
1172 1205 1228 1229 1206 
1173 1206 1229 1230 1207 
1174 1207 1230 1231 1208 
1175 1208 1231 1232 1209 
1176 1209 1232 1233 1210 
1177 1210 1233 1234 1211 
1178 1211 1234 1235 1212 
1179 1212 1235 1236 1213 
1180 1213 1236 1237 1214 
1181 1214 1237 1238 1215 
1182 1215 1238 1239 1216 
1183 1216 1239 1240 1217 
1184 1217 1240 177 176 
1185 142 143 1241 1218 
1186 1218 1241 1242 1219 
1187 1219 1242 1243 1220 
1188 1220 1243 1244 1221 
1189 1221 1244 1245 1222 
1190 1222 1245 1246 1223 
1191 1223 1246 1247 1224 
1192 1224 1247 1248 1225 
1193 1225 1248 1249 1226 
1194 1226 1249 1250 1227 
1195 1227 1250 1251 1228 
1196 1228 1251 1252 1229 
1197 1229 1252 1253 1230 
1198 1230 1253 1254 1231 
1199 1231 1254 1255 1232 
1200 1232 1255 1256 1233 
1201 1233 1256 1257 1234 
1202 1234 1257 1258 1235 
1203 1235 1258 1259 1236 
1204 1236 1259 1260 1237 
1205 1237 1260 1261 1238 
1206 1238 1261 1262 1239 
1207 1239 1262 1263 1240 
1208 1240 1263 178 177 
1209 143 144 1264 1241 
1210 1241 1264 1265 1242 
1211 1242 1265 1266 1243 
1212 1243 1266 1267 1244 
1213 1244 1267 1268 1245 
1214 1245 1268 1269 1246 
1215 1246 1269 1270 1247 
1216 1247 1270 1271 1248 
1217 1248 1271 1272 1249 
1218 1249 1272 1273 1250 
1219 1250 1273 1274 1251 
1220 1251 1274 1275 1252 
1221 1252 1275 1276 1253 
1222 1253 1276 1277 1254 
1223 1254 1277 1278 1255 
1224 1255 1278 1279 1256 
1225 1256 1279 1280 1257 
1226 1257 1280 1281 1258 
1227 1258 1281 1282 1259 
1228 1259 1282 1283 1260 
1229 1260 1283 1284 1261 
1230 1261 1284 1285 1262 
1231 1262 1285 1286 1263 
1232 1263 1286 179 178 
1233 144 145 1287 1264 
1234 1264 1287 1288 1265 
1235 1265 1288 1289 1266 
1236 1266 1289 1290 1267 
1237 1267 1290 1291 1268 
1238 1268 1291 1292 1269 
1239 1269 1292 1293 1270 
1240 1270 1293 1294 1271 
1241 1271 1294 1295 1272 
1242 1272 1295 1296 1273 
1243 1273 1296 1297 1274 
1244 1274 1297 1298 1275 
1245 1275 1298 1299 1276 
1246 1276 1299 1300 1277 
1247 1277 1300 1301 1278 
1248 1278 1301 1302 1279 
1249 1279 1302 1303 1280 
1250 1280 1303 1304 1281 
1251 1281 1304 1305 1282 
1252 1282 1305 1306 1283 
1253 1283 1306 1307 1284 
1254 1284 1307 1308 1285 
1255 1285 1308 1309 1286 
1256 1286 1309 180 179 
1257 145 146 1310 1287 
1258 1287 1310 1311 1288 
1259 1288 1311 1312 1289 
1260 1289 1312 1313 1290 
1261 1290 1313 1314 1291 
1262 1291 1314 1315 1292 
1263 1292 1315 1316 1293 
1264 1293 1316 1317 1294 
1265 1294 1317 1318 1295 
1266 1295 1318 1319 1296 
1267 1296 1319 1320 1297 
1268 1297 1320 1321 1298 
1269 1298 1321 1322 1299 
1270 1299 1322 1323 1300 
1271 1300 1323 1324 1301 
1272 1301 1324 1325 1302 
1273 1302 1325 1326 1303 
1274 1303 1326 1327 1304 
1275 1304 1327 1328 1305 
1276 1305 1328 1329 1306 
1277 1306 1329 1330 1307 
1278 1307 1330 1331 1308 
1279 1308 1331 1332 1309 
1280 1309 1332 181 180 
1281 146 147 1333 1310 
1282 1310 1333 1334 1311 
1283 1311 1334 1335 1312 
1284 1312 1335 1336 1313 
1285 1313 1336 1337 1314 
1286 1314 1337 1338 1315 
1287 1315 1338 1339 1316 
1288 1316 1339 1340 1317 
1289 1317 1340 1341 1318 
1290 1318 1341 1342 1319 
1291 1319 1342 1343 1320 
1292 1320 1343 1344 1321 
1293 1321 1344 1345 1322 
1294 1322 1345 1346 1323 
1295 1323 1346 1347 1324 
1296 1324 1347 1348 1325 
1297 1325 1348 1349 1326 
1298 1326 1349 1350 1327 
1299 1327 1350 1351 1328 
1300 1328 1351 1352 1329 
1301 1329 1352 1353 1330 
1302 1330 1353 1354 1331 
1303 1331 1354 1355 1332 
1304 1332 1355 182 181 
1305 147 148 1356 1333 
1306 1333 1356 1357 1334 
1307 1334 1357 1358 1335 
1308 1335 1358 1359 1336 
1309 1336 1359 1360 1337 
1310 1337 1360 1361 1338 
1311 1338 1361 1362 1339 
1312 1339 1362 1363 1340 
1313 1340 1363 1364 1341 
1314 1341 1364 1365 1342 
1315 1342 1365 1366 1343 
1316 1343 1366 1367 1344 
1317 1344 1367 1368 1345 
1318 1345 1368 1369 1346 
1319 1346 1369 1370 1347 
1320 1347 1370 1371 1348 
1321 1348 1371 1372 1349 
1322 1349 1372 1373 1350 
1323 1350 1373 1374 1351 
1324 1351 1374 1375 1352 
1325 1352 1375 1376 1353 
1326 1353 1376 1377 1354 
1327 1354 1377 1378 1355 
1328 1355 1378 183 182 
1329 148 149 1379 1356 
1330 1356 1379 1380 1357 
1331 1357 1380 1381 1358 
1332 1358 1381 1382 1359 
1333 1359 1382 1383 1360 
1334 1360 1383 1384 1361 
1335 1361 1384 1385 1362 
1336 1362 1385 1386 1363 
1337 1363 1386 1387 1364 
1338 1364 1387 1388 1365 
1339 1365 1388 1389 1366 
1340 1366 1389 1390 1367 
1341 1367 1390 1391 1368 
1342 1368 1391 1392 1369 
1343 1369 1392 1393 1370 
1344 1370 1393 1394 1371 
1345 1371 1394 1395 1372 
1346 1372 1395 1396 1373 
1347 1373 1396 1397 1374 
1348 1374 1397 1398 1375 
1349 1375 1398 1399 1376 
1350 1376 1399 1400 1377 
1351 1377 1400 1401 1378 
1352 1378 1401 184 183 
1353 149 150 1402 1379 
1354 1379 1402 1403 1380 
1355 1380 1403 1404 1381 
1356 1381 1404 1405 1382 
1357 1382 1405 1406 1383 
1358 1383 1406 1407 1384 
1359 1384 1407 1408 1385 
1360 1385 1408 1409 1386 
1361 1386 1409 1410 1387 
1362 1387 1410 1411 1388 
1363 1388 1411 1412 1389 
1364 1389 1412 1413 1390 
1365 1390 1413 1414 1391 
1366 1391 1414 1415 1392 
1367 1392 1415 1416 1393 
1368 1393 1416 1417 1394 
1369 1394 1417 1418 1395 
1370 1395 1418 1419 1396 
1371 1396 1419 1420 1397 
1372 1397 1420 1421 1398 
1373 1398 1421 1422 1399 
1374 1399 1422 1423 1400 
1375 1400 1423 1424 1401 
1376 1401 1424 185 184 
1377 150 151 1425 1402 
1378 1402 1425 1426 1403 
1379 1403 1426 1427 1404 
1380 1404 1427 1428 1405 
1381 1405 1428 1429 1406 
1382 1406 1429 1430 1407 
1383 1407 1430 1431 1408 
1384 1408 1431 1432 1409 
1385 1409 1432 1433 1410 
1386 1410 1433 1434 1411 
1387 1411 1434 1435 1412 
1388 1412 1435 1436 1413 
1389 1413 1436 1437 1414 
1390 1414 1437 1438 1415 
1391 1415 1438 1439 1416 
1392 1416 1439 1440 1417 
1393 1417 1440 1441 1418 
1394 1418 1441 1442 1419 
1395 1419 1442 1443 1420 
1396 1420 1443 1444 1421 
1397 1421 1444 1445 1422 
1398 1422 1445 1446 1423 
1399 1423 1446 1447 1424 
1400 1424 1447 186 185 
1401 151 152 1448 1425 
1402 1425 1448 1449 1426 
1403 1426 1449 1450 1427 
1404 1427 1450 1451 1428 
1405 1428 1451 1452 1429 
1406 1429 1452 1453 1430 
1407 1430 1453 1454 1431 
1408 1431 1454 1455 1432 
1409 1432 1455 1456 1433 
1410 1433 1456 1457 1434 
1411 1434 1457 1458 1435 
1412 1435 1458 1459 1436 
1413 1436 1459 1460 1437 
1414 1437 1460 1461 1438 
1415 1438 1461 1462 1439 
1416 1439 1462 1463 1440 
1417 1440 1463 1464 1441 
1418 1441 1464 1465 1442 
1419 1442 1465 1466 1443 
1420 1443 1466 1467 1444 
1421 1444 1467 1468 1445 
1422 1445 1468 1469 1446 
1423 1446 1469 1470 1447 
1424 1447 1470 187 186 
1425 152 153 1471 1448 
1426 1448 1471 1472 1449 
1427 1449 1472 1473 1450 
1428 1450 1473 1474 1451 
1429 1451 1474 1475 1452 
1430 1452 1475 1476 1453 
1431 1453 1476 1477 1454 
1432 1454 1477 1478 1455 
1433 1455 1478 1479 1456 
1434 1456 1479 1480 1457 
1435 1457 1480 1481 1458 
1436 1458 1481 1482 1459 
1437 1459 1482 1483 1460 
1438 1460 1483 1484 1461 
1439 1461 1484 1485 1462 
1440 1462 1485 1486 1463 
1441 1463 1486 1487 1464 
1442 1464 1487 1488 1465 
1443 1465 1488 1489 1466 
1444 1466 1489 1490 1467 
1445 1467 1490 1491 1468 
1446 1468 1491 1492 1469 
1447 1469 1492 1493 1470 
1448 1470 1493 188 187 
1449 153 154 1494 1471 
1450 1471 1494 1495 1472 
1451 1472 1495 1496 1473 
1452 1473 1496 1497 1474 
1453 1474 1497 1498 1475 
1454 1475 1498 1499 1476 
1455 1476 1499 1500 1477 
1456 1477 1500 1501 1478 
1457 1478 1501 1502 1479 
1458 1479 1502 1503 1480 
1459 1480 1503 1504 1481 
1460 1481 1504 1505 1482 
1461 1482 1505 1506 1483 
1462 1483 1506 1507 1484 
1463 1484 1507 1508 1485 
1464 1485 1508 1509 1486 
1465 1486 1509 1510 1487 
1466 1487 1510 1511 1488 
1467 1488 1511 1512 1489 
1468 1489 1512 1513 1490 
1469 1490 1513 1514 1491 
1470 1491 1514 1515 1492 
1471 1492 1515 1516 1493 
1472 1493 1516 189 188 
1473 154 155 1517 1494 
1474 1494 1517 1518 1495 
1475 1495 1518 1519 1496 
1476 1496 1519 1520 1497 
1477 1497 1520 1521 1498 
1478 1498 1521 1522 1499 
1479 1499 1522 1523 1500 
1480 1500 1523 1524 1501 
1481 1501 1524 1525 1502 
1482 1502 1525 1526 1503 
1483 1503 1526 1527 1504 
1484 1504 1527 1528 1505 
1485 1505 1528 1529 1506 
1486 1506 1529 1530 1507 
1487 1507 1530 1531 1508 
1488 1508 1531 1532 1509 
1489 1509 1532 1533 1510 
1490 1510 1533 1534 1511 
1491 1511 1534 1535 1512 
1492 1512 1535 1536 1513 
1493 1513 1536 1537 1514 
1494 1514 1537 1538 1515 
1495 1515 1538 1539 1516 
1496 1516 1539 190 189 
1497 155 156 1540 1517 
1498 1517 1540 1541 1518 
1499 1518 1541 1542 1519 
1500 1519 1542 1543 1520 
1501 1520 1543 1544 1521 
1502 1521 1544 1545 1522 
1503 1522 1545 1546 1523 
1504 1523 1546 1547 1524 
1505 1524 1547 1548 1525 
1506 1525 1548 1549 1526 
1507 1526 1549 1550 1527 
1508 1527 1550 1551 1528 
1509 1528 1551 1552 1529 
1510 1529 1552 1553 1530 
1511 1530 1553 1554 1531 
1512 1531 1554 1555 1532 
1513 1532 1555 1556 1533 
1514 1533 1556 1557 1534 
1515 1534 1557 1558 1535 
1516 1535 1558 1559 1536 
1517 1536 1559 1560 1537 
1518 1537 1560 1561 1538 
1519 1538 1561 1562 1539 
1520 1539 1562 191 190 
1521 156 157 1563 1540 
1522 1540 1563 1564 1541 
1523 1541 1564 1565 1542 
1524 1542 1565 1566 1543 
1525 1543 1566 1567 1544 
1526 1544 1567 1568 1545 
1527 1545 1568 1569 1546 
1528 1546 1569 1570 1547 
1529 1547 1570 1571 1548 
1530 1548 1571 1572 1549 
1531 1549 1572 1573 1550 
1532 1550 1573 1574 1551 
1533 1551 1574 1575 1552 
1534 1552 1575 1576 1553 
1535 1553 1576 1577 1554 
1536 1554 1577 1578 1555 
1537 1555 1578 1579 1556 
1538 1556 1579 1580 1557 
1539 1557 1580 1581 1558 
1540 1558 1581 1582 1559 
1541 1559 1582 1583 1560 
1542 1560 1583 1584 1561 
1543 1561 1584 1585 1562 
1544 1562 1585 192 191 
1545 157 158 1586 1563 
1546 1563 1586 1587 1564 
1547 1564 1587 1588 1565 
1548 1565 1588 1589 1566 
1549 1566 1589 1590 1567 
1550 1567 1590 1591 1568 
1551 1568 1591 1592 1569 
1552 1569 1592 1593 1570 
1553 1570 1593 1594 1571 
1554 1571 1594 1595 1572 
1555 1572 1595 1596 1573 
1556 1573 1596 1597 1574 
1557 1574 1597 1598 1575 
1558 1575 1598 1599 1576 
1559 1576 1599 1600 1577 
1560 1577 1600 1601 1578 
1561 1578 1601 1602 1579 
1562 1579 1602 1603 1580 
1563 1580 1603 1604 1581 
1564 1581 1604 1605 1582 
1565 1582 1605 1606 1583 
1566 1583 1606 1607 1584 
1567 1584 1607 1608 1585 
1568 1585 1608 193 192 
1569 158 159 1609 1586 
1570 1586 1609 1610 1587 
1571 1587 1610 1611 1588 
1572 1588 1611 1612 1589 
1573 1589 1612 1613 1590 
1574 1590 1613 1614 1591 
1575 1591 1614 1615 1592 
1576 1592 1615 1616 1593 
1577 1593 1616 1617 1594 
1578 1594 1617 1618 1595 
1579 1595 1618 1619 1596 
1580 1596 1619 1620 1597 
1581 1597 1620 1621 1598 
1582 1598 1621 1622 1599 
1583 1599 1622 1623 1600 
1584 1600 1623 1624 1601 
1585 1601 1624 1625 1602 
1586 1602 1625 1626 1603 
1587 1603 1626 1627 1604 
1588 1604 1627 1628 1605 
1589 1605 1628 1629 1606 
1590 1606 1629 1630 1607 
1591 1607 1630 1631 1608 
1592 1608 1631 194 193 
1593 159 160 1632 1609 
1594 1609 1632 1633 1610 
1595 1610 1633 1634 1611 
1596 1611 1634 1635 1612 
1597 1612 1635 1636 1613 
1598 1613 1636 1637 1614 
1599 1614 1637 1638 1615 
1600 1615 1638 1639 1616 
1601 1616 1639 1640 1617 
1602 1617 1640 1641 1618 
1603 1618 1641 1642 1619 
1604 1619 1642 1643 1620 
1605 1620 1643 1644 1621 
1606 1621 1644 1645 1622 
1607 1622 1645 1646 1623 
1608 1623 1646 1647 1624 
1609 1624 1647 1648 1625 
1610 1625 1648 1649 1626 
1611 1626 1649 1650 1627 
1612 1627 1650 1651 1628 
1613 1628 1651 1652 1629 
1614 1629 1652 1653 1630 
1615 1630 1653 1654 1631 
1616 1631 1654 195 194 
1617 160 161 1655 1632 
1618 1632 1655 1656 1633 
1619 1633 1656 1657 1634 
1620 1634 1657 1658 1635 
1621 1635 1658 1659 1636 
1622 1636 1659 1660 1637 
1623 1637 1660 1661 1638 
1624 1638 1661 1662 1639 
1625 1639 1662 1663 1640 
1626 1640 1663 1664 1641 
1627 1641 1664 1665 1642 
1628 1642 1665 1666 1643 
1629 1643 1666 1667 1644 
1630 1644 1667 1668 1645 
1631 1645 1668 1669 1646 
1632 1646 1669 1670 1647 
1633 1647 1670 1671 1648 
1634 1648 1671 1672 1649 
1635 1649 1672 1673 1650 
1636 1650 1673 1674 1651 
1637 1651 1674 1675 1652 
1638 1652 1675 1676 1653 
1639 1653 1676 1677 1654 
1640 1654 1677 196 195 
1641 161 162 1678 1655 
1642 1655 1678 1679 1656 
1643 1656 1679 1680 1657 
1644 1657 1680 1681 1658 
1645 1658 1681 1682 1659 
1646 1659 1682 1683 1660 
1647 1660 1683 1684 1661 
1648 1661 1684 1685 1662 
1649 1662 1685 1686 1663 
1650 1663 1686 1687 1664 
1651 1664 1687 1688 1665 
1652 1665 1688 1689 1666 
1653 1666 1689 1690 1667 
1654 1667 1690 1691 1668 
1655 1668 1691 1692 1669 
1656 1669 1692 1693 1670 
1657 1670 1693 1694 1671 
1658 1671 1694 1695 1672 
1659 1672 1695 1696 1673 
1660 1673 1696 1697 1674 
1661 1674 1697 1698 1675 
1662 1675 1698 1699 1676 
1663 1676 1699 1700 1677 
1664 1677 1700 197 196 
1665 162 163 1701 1678 
1666 1678 1701 1702 1679 
1667 1679 1702 1703 1680 
1668 1680 1703 1704 1681 
1669 1681 1704 1705 1682 
1670 1682 1705 1706 1683 
1671 1683 1706 1707 1684 
1672 1684 1707 1708 1685 
1673 1685 1708 1709 1686 
1674 1686 1709 1710 1687 
1675 1687 1710 1711 1688 
1676 1688 1711 1712 1689 
1677 1689 1712 1713 1690 
1678 1690 1713 1714 1691 
1679 1691 1714 1715 1692 
1680 1692 1715 1716 1693 
1681 1693 1716 1717 1694 
1682 1694 1717 1718 1695 
1683 1695 1718 1719 1696 
1684 1696 1719 1720 1697 
1685 1697 1720 1721 1698 
1686 1698 1721 1722 1699 
1687 1699 1722 1723 1700 
1688 1700 1723 198 197 
1689 163 164 1724 1701 
1690 1701 1724 1725 1702 
1691 1702 1725 1726 1703 
1692 1703 1726 1727 1704 
1693 1704 1727 1728 1705 
1694 1705 1728 1729 1706 
1695 1706 1729 1730 1707 
1696 1707 1730 1731 1708 
1697 1708 1731 1732 1709 
1698 1709 1732 1733 1710 
1699 1710 1733 1734 1711 
1700 1711 1734 1735 1712 
1701 1712 1735 1736 1713 
1702 1713 1736 1737 1714 
1703 1714 1737 1738 1715 
1704 1715 1738 1739 1716 
1705 1716 1739 1740 1717 
1706 1717 1740 1741 1718 
1707 1718 1741 1742 1719 
1708 1719 1742 1743 1720 
1709 1720 1743 1744 1721 
1710 1721 1744 1745 1722 
1711 1722 1745 1746 1723 
1712 1723 1746 199 198 
1713 164 165 1747 1724 
1714 1724 1747 1748 1725 
1715 1725 1748 1749 1726 
1716 1726 1749 1750 1727 
1717 1727 1750 1751 1728 
1718 1728 1751 1752 1729 
1719 1729 1752 1753 1730 
1720 1730 1753 1754 1731 
1721 1731 1754 1755 1732 
1722 1732 1755 1756 1733 
1723 1733 1756 1757 1734 
1724 1734 1757 1758 1735 
1725 1735 1758 1759 1736 
1726 1736 1759 1760 1737 
1727 1737 1760 1761 1738 
1728 1738 1761 1762 1739 
1729 1739 1762 1763 1740 
1730 1740 1763 1764 1741 
1731 1741 1764 1765 1742 
1732 1742 1765 1766 1743 
1733 1743 1766 1767 1744 
1734 1744 1767 1768 1745 
1735 1745 1768 1769 1746 
1736 1746 1769 200 199 
1737 165 166 1770 1747 
1738 1747 1770 1771 1748 
1739 1748 1771 1772 1749 
1740 1749 1772 1773 1750 
1741 1750 1773 1774 1751 
1742 1751 1774 1775 1752 
1743 1752 1775 1776 1753 
1744 1753 1776 1777 1754 
1745 1754 1777 1778 1755 
1746 1755 1778 1779 1756 
1747 1756 1779 1780 1757 
1748 1757 1780 1781 1758 
1749 1758 1781 1782 1759 
1750 1759 1782 1783 1760 
1751 1760 1783 1784 1761 
1752 1761 1784 1785 1762 
1753 1762 1785 1786 1763 
1754 1763 1786 1787 1764 
1755 1764 1787 1788 1765 
1756 1765 1788 1789 1766 
1757 1766 1789 1790 1767 
1758 1767 1790 1791 1768 
1759 1768 1791 1792 1769 
1760 1769 1792 201 200 
1761 166 167 1793 1770 
1762 1770 1793 1794 1771 
1763 1771 1794 1795 1772 
1764 1772 1795 1796 1773 
1765 1773 1796 1797 1774 
1766 1774 1797 1798 1775 
1767 1775 1798 1799 1776 
1768 1776 1799 1800 1777 
1769 1777 1800 1801 1778 
1770 1778 1801 1802 1779 
1771 1779 1802 1803 1780 
1772 1780 1803 1804 1781 
1773 1781 1804 1805 1782 
1774 1782 1805 1806 1783 
1775 1783 1806 1807 1784 
1776 1784 1807 1808 1785 
1777 1785 1808 1809 1786 
1778 1786 1809 1810 1787 
1779 1787 1810 1811 1788 
1780 1788 1811 1812 1789 
1781 1789 1812 1813 1790 
1782 1790 1813 1814 1791 
1783 1791 1814 1815 1792 
1784 1792 1815 202 201 
1785 167 168 1816 1793 
1786 1793 1816 1817 1794 
1787 1794 1817 1818 1795 
1788 1795 1818 1819 1796 
1789 1796 1819 1820 1797 
1790 1797 1820 1821 1798 
1791 1798 1821 1822 1799 
1792 1799 1822 1823 1800 
1793 1800 1823 1824 1801 
1794 1801 1824 1825 1802 
1795 1802 1825 1826 1803 
1796 1803 1826 1827 1804 
1797 1804 1827 1828 1805 
1798 1805 1828 1829 1806 
1799 1806 1829 1830 1807 
1800 1807 1830 1831 1808 
1801 1808 1831 1832 1809 
1802 1809 1832 1833 1810 
1803 1810 1833 1834 1811 
1804 1811 1834 1835 1812 
1805 1812 1835 1836 1813 
1806 1813 1836 1837 1814 
1807 1814 1837 1838 1815 
1808 1815 1838 203 202 
1809 168 169 1839 1816 
1810 1816 1839 1840 1817 
1811 1817 1840 1841 1818 
1812 1818 1841 1842 1819 
1813 1819 1842 1843 1820 
1814 1820 1843 1844 1821 
1815 1821 1844 1845 1822 
1816 1822 1845 1846 1823 
1817 1823 1846 1847 1824 
1818 1824 1847 1848 1825 
1819 1825 1848 1849 1826 
1820 1826 1849 1850 1827 
1821 1827 1850 1851 1828 
1822 1828 1851 1852 1829 
1823 1829 1852 1853 1830 
1824 1830 1853 1854 1831 
1825 1831 1854 1855 1832 
1826 1832 1855 1856 1833 
1827 1833 1856 1857 1834 
1828 1834 1857 1858 1835 
1829 1835 1858 1859 1836 
1830 1836 1859 1860 1837 
1831 1837 1860 1861 1838 
1832 1838 1861 204 203 
1833 169 170 1862 1839 
1834 1839 1862 1863 1840 
1835 1840 1863 1864 1841 
1836 1841 1864 1865 1842 
1837 1842 1865 1866 1843 
1838 1843 1866 1867 1844 
1839 1844 1867 1868 1845 
1840 1845 1868 1869 1846 
1841 1846 1869 1870 1847 
1842 1847 1870 1871 1848 
1843 1848 1871 1872 1849 
1844 1849 1872 1873 1850 
1845 1850 1873 1874 1851 
1846 1851 1874 1875 1852 
1847 1852 1875 1876 1853 
1848 1853 1876 1877 1854 
1849 1854 1877 1878 1855 
1850 1855 1878 1879 1856 
1851 1856 1879 1880 1857 
1852 1857 1880 1881 1858 
1853 1858 1881 1882 1859 
1854 1859 1882 1883 1860 
1855 1860 1883 1884 1861 
1856 1861 1884 205 204 
1857 170 171 1885 1862 
1858 1862 1885 1886 1863 
1859 1863 1886 1887 1864 
1860 1864 1887 1888 1865 
1861 1865 1888 1889 1866 
1862 1866 1889 1890 1867 
1863 1867 1890 1891 1868 
1864 1868 1891 1892 1869 
1865 1869 1892 1893 1870 
1866 1870 1893 1894 1871 
1867 1871 1894 1895 1872 
1868 1872 1895 1896 1873 
1869 1873 1896 1897 1874 
1870 1874 1897 1898 1875 
1871 1875 1898 1899 1876 
1872 1876 1899 1900 1877 
1873 1877 1900 1901 1878 
1874 1878 1901 1902 1879 
1875 1879 1902 1903 1880 
1876 1880 1903 1904 1881 
1877 1881 1904 1905 1882 
1878 1882 1905 1906 1883 
1879 1883 1906 1907 1884 
1880 1884 1907 206 205 
1881 171 5 79 1885 
1882 1885 79 80 1886 
1883 1886 80 81 1887 
1884 1887 81 82 1888 
1885 1888 82 83 1889 
1886 1889 83 84 1890 
1887 1890 84 85 1891 
1888 1891 85 86 1892 
1889 1892 86 87 1893 
1890 1893 87 88 1894 
1891 1894 88 89 1895 
1892 1895 89 90 1896 
1893 1896 90 91 1897 
1894 1897 91 92 1898 
1895 1898 92 93 1899 
1896 1899 93 94 1900 
1897 1900 94 95 1901 
1898 1901 95 96 1902 
1899 1902 96 97 1903 
1900 1903 97 98 1904 
1901 1904 98 99 1905 
1902 1905 99 100 1906 
1903 1906 100 101 1907 
1904 1907 101 6 206 
2 3 3 384
1905 4 207 1908 56 
1906 56 1908 1909 57 
1907 57 1909 1910 58 
1908 58 1910 1911 59 
1909 59 1911 1912 60 
1910 60 1912 1913 61 
1911 61 1913 1914 62 
1912 62 1914 1915 63 
1913 63 1915 1916 64 
1914 64 1916 1917 65 
1915 65 1917 1918 66 
1916 66 1918 1919 67 
1917 67 1919 1920 68 
1918 68 1920 1921 69 
1919 69 1921 1922 70 
1920 70 1922 1923 71 
1921 71 1923 1924 72 
1922 72 1924 1925 73 
1923 73 1925 1926 74 
1924 74 1926 1927 75 
1925 75 1927 1928 76 
1926 76 1928 1929 77 
1927 77 1929 1930 78 
1928 78 1930 222 5 
1929 207 208 1931 1908 
1930 1908 1931 1932 1909 
1931 1909 1932 1933 1910 
1932 1910 1933 1934 1911 
1933 1911 1934 1935 1912 
1934 1912 1935 1936 1913 
1935 1913 1936 1937 1914 
1936 1914 1937 1938 1915 
1937 1915 1938 1939 1916 
1938 1916 1939 1940 1917 
1939 1917 1940 1941 1918 
1940 1918 1941 1942 1919 
1941 1919 1942 1943 1920 
1942 1920 1943 1944 1921 
1943 1921 1944 1945 1922 
1944 1922 1945 1946 1923 
1945 1923 1946 1947 1924 
1946 1924 1947 1948 1925 
1947 1925 1948 1949 1926 
1948 1926 1949 1950 1927 
1949 1927 1950 1951 1928 
1950 1928 1951 1952 1929 
1951 1929 1952 1953 1930 
1952 1930 1953 223 222 
1953 208 209 1954 1931 
1954 1931 1954 1955 1932 
1955 1932 1955 1956 1933 
1956 1933 1956 1957 1934 
1957 1934 1957 1958 1935 
1958 1935 1958 1959 1936 
1959 1936 1959 1960 1937 
1960 1937 1960 1961 1938 
1961 1938 1961 1962 1939 
1962 1939 1962 1963 1940 
1963 1940 1963 1964 1941 
1964 1941 1964 1965 1942 
1965 1942 1965 1966 1943 
1966 1943 1966 1967 1944 
1967 1944 1967 1968 1945 
1968 1945 1968 1969 1946 
1969 1946 1969 1970 1947 
1970 1947 1970 1971 1948 
1971 1948 1971 1972 1949 
1972 1949 1972 1973 1950 
1973 1950 1973 1974 1951 
1974 1951 1974 1975 1952 
1975 1952 1975 1976 1953 
1976 1953 1976 224 223 
1977 209 210 1977 1954 
1978 1954 1977 1978 1955 
1979 1955 1978 1979 1956 
1980 1956 1979 1980 1957 
1981 1957 1980 1981 1958 
1982 1958 1981 1982 1959 
1983 1959 1982 1983 1960 
1984 1960 1983 1984 1961 
1985 1961 1984 1985 1962 
1986 1962 1985 1986 1963 
1987 1963 1986 1987 1964 
1988 1964 1987 1988 1965 
1989 1965 1988 1989 1966 
1990 1966 1989 1990 1967 
1991 1967 1990 1991 1968 
1992 1968 1991 1992 1969 
1993 1969 1992 1993 1970 
1994 1970 1993 1994 1971 
1995 1971 1994 1995 1972 
1996 1972 1995 1996 1973 
1997 1973 1996 1997 1974 
1998 1974 1997 1998 1975 
1999 1975 1998 1999 1976 
2000 1976 1999 225 224 
2001 210 211 2000 1977 
2002 1977 2000 2001 1978 
2003 1978 2001 2002 1979 
2004 1979 2002 2003 1980 
2005 1980 2003 2004 1981 
2006 1981 2004 2005 1982 
2007 1982 2005 2006 1983 
2008 1983 2006 2007 1984 
2009 1984 2007 2008 1985 
2010 1985 2008 2009 1986 
2011 1986 2009 2010 1987 
2012 1987 2010 2011 1988 
2013 1988 2011 2012 1989 
2014 1989 2012 2013 1990 
2015 1990 2013 2014 1991 
2016 1991 2014 2015 1992 
2017 1992 2015 2016 1993 
2018 1993 2016 2017 1994 
2019 1994 2017 2018 1995 
2020 1995 2018 2019 1996 
2021 1996 2019 2020 1997 
2022 1997 2020 2021 1998 
2023 1998 2021 2022 1999 
2024 1999 2022 226 225 
2025 211 212 2023 2000 
2026 2000 2023 2024 2001 
2027 2001 2024 2025 2002 
2028 2002 2025 2026 2003 
2029 2003 2026 2027 2004 
2030 2004 2027 2028 2005 
2031 2005 2028 2029 2006 
2032 2006 2029 2030 2007 
2033 2007 2030 2031 2008 
2034 2008 2031 2032 2009 
2035 2009 2032 2033 2010 
2036 2010 2033 2034 2011 
2037 2011 2034 2035 2012 
2038 2012 2035 2036 2013 
2039 2013 2036 2037 2014 
2040 2014 2037 2038 2015 
2041 2015 2038 2039 2016 
2042 2016 2039 2040 2017 
2043 2017 2040 2041 2018 
2044 2018 2041 2042 2019 
2045 2019 2042 2043 2020 
2046 2020 2043 2044 2021 
2047 2021 2044 2045 2022 
2048 2022 2045 227 226 
2049 212 213 2046 2023 
2050 2023 2046 2047 2024 
2051 2024 2047 2048 2025 
2052 2025 2048 2049 2026 
2053 2026 2049 2050 2027 
2054 2027 2050 2051 2028 
2055 2028 2051 2052 2029 
2056 2029 2052 2053 2030 
2057 2030 2053 2054 2031 
2058 2031 2054 2055 2032 
2059 2032 2055 2056 2033 
2060 2033 2056 2057 2034 
2061 2034 2057 2058 2035 
2062 2035 2058 2059 2036 
2063 2036 2059 2060 2037 
2064 2037 2060 2061 2038 
2065 2038 2061 2062 2039 
2066 2039 2062 2063 2040 
2067 2040 2063 2064 2041 
2068 2041 2064 2065 2042 
2069 2042 2065 2066 2043 
2070 2043 2066 2067 2044 
2071 2044 2067 2068 2045 
2072 2045 2068 228 227 
2073 213 214 2069 2046 
2074 2046 2069 2070 2047 
2075 2047 2070 2071 2048 
2076 2048 2071 2072 2049 
2077 2049 2072 2073 2050 
2078 2050 2073 2074 2051 
2079 2051 2074 2075 2052 
2080 2052 2075 2076 2053 
2081 2053 2076 2077 2054 
2082 2054 2077 2078 2055 
2083 2055 2078 2079 2056 
2084 2056 2079 2080 2057 
2085 2057 2080 2081 2058 
2086 2058 2081 2082 2059 
2087 2059 2082 2083 2060 
2088 2060 2083 2084 2061 
2089 2061 2084 2085 2062 
2090 2062 2085 2086 2063 
2091 2063 2086 2087 2064 
2092 2064 2087 2088 2065 
2093 2065 2088 2089 2066 
2094 2066 2089 2090 2067 
2095 2067 2090 2091 2068 
2096 2068 2091 229 228 
2097 214 215 2092 2069 
2098 2069 2092 2093 2070 
2099 2070 2093 2094 2071 
2100 2071 2094 2095 2072 
2101 2072 2095 2096 2073 
2102 2073 2096 2097 2074 
2103 2074 2097 2098 2075 
2104 2075 2098 2099 2076 
2105 2076 2099 2100 2077 
2106 2077 2100 2101 2078 
2107 2078 2101 2102 2079 
2108 2079 2102 2103 2080 
2109 2080 2103 2104 2081 
2110 2081 2104 2105 2082 
2111 2082 2105 2106 2083 
2112 2083 2106 2107 2084 
2113 2084 2107 2108 2085 
2114 2085 2108 2109 2086 
2115 2086 2109 2110 2087 
2116 2087 2110 2111 2088 
2117 2088 2111 2112 2089 
2118 2089 2112 2113 2090 
2119 2090 2113 2114 2091 
2120 2091 2114 230 229 
2121 215 216 2115 2092 
2122 2092 2115 2116 2093 
2123 2093 2116 2117 2094 
2124 2094 2117 2118 2095 
2125 2095 2118 2119 2096 
2126 2096 2119 2120 2097 
2127 2097 2120 2121 2098 
2128 2098 2121 2122 2099 
2129 2099 2122 2123 2100 
2130 2100 2123 2124 2101 
2131 2101 2124 2125 2102 
2132 2102 2125 2126 2103 
2133 2103 2126 2127 2104 
2134 2104 2127 2128 2105 
2135 2105 2128 2129 2106 
2136 2106 2129 2130 2107 
2137 2107 2130 2131 2108 
2138 2108 2131 2132 2109 
2139 2109 2132 2133 2110 
2140 2110 2133 2134 2111 
2141 2111 2134 2135 2112 
2142 2112 2135 2136 2113 
2143 2113 2136 2137 2114 
2144 2114 2137 231 230 
2145 216 217 2138 2115 
2146 2115 2138 2139 2116 
2147 2116 2139 2140 2117 
2148 2117 2140 2141 2118 
2149 2118 2141 2142 2119 
2150 2119 2142 2143 2120 
2151 2120 2143 2144 2121 
2152 2121 2144 2145 2122 
2153 2122 2145 2146 2123 
2154 2123 2146 2147 2124 
2155 2124 2147 2148 2125 
2156 2125 2148 2149 2126 
2157 2126 2149 2150 2127 
2158 2127 2150 2151 2128 
2159 2128 2151 2152 2129 
2160 2129 2152 2153 2130 
2161 2130 2153 2154 2131 
2162 2131 2154 2155 2132 
2163 2132 2155 2156 2133 
2164 2133 2156 2157 2134 
2165 2134 2157 2158 2135 
2166 2135 2158 2159 2136 
2167 2136 2159 2160 2137 
2168 2137 2160 232 231 
2169 217 218 2161 2138 
2170 2138 2161 2162 2139 
2171 2139 2162 2163 2140 
2172 2140 2163 2164 2141 
2173 2141 2164 2165 2142 
2174 2142 2165 2166 2143 
2175 2143 2166 2167 2144 
2176 2144 2167 2168 2145 
2177 2145 2168 2169 2146 
2178 2146 2169 2170 2147 
2179 2147 2170 2171 2148 
2180 2148 2171 2172 2149 
2181 2149 2172 2173 2150 
2182 2150 2173 2174 2151 
2183 2151 2174 2175 2152 
2184 2152 2175 2176 2153 
2185 2153 2176 2177 2154 
2186 2154 2177 2178 2155 
2187 2155 2178 2179 2156 
2188 2156 2179 2180 2157 
2189 2157 2180 2181 2158 
2190 2158 2181 2182 2159 
2191 2159 2182 2183 2160 
2192 2160 2183 233 232 
2193 218 219 2184 2161 
2194 2161 2184 2185 2162 
2195 2162 2185 2186 2163 
2196 2163 2186 2187 2164 
2197 2164 2187 2188 2165 
2198 2165 2188 2189 2166 
2199 2166 2189 2190 2167 
2200 2167 2190 2191 2168 
2201 2168 2191 2192 2169 
2202 2169 2192 2193 2170 
2203 2170 2193 2194 2171 
2204 2171 2194 2195 2172 
2205 2172 2195 2196 2173 
2206 2173 2196 2197 2174 
2207 2174 2197 2198 2175 
2208 2175 2198 2199 2176 
2209 2176 2199 2200 2177 
2210 2177 2200 2201 2178 
2211 2178 2201 2202 2179 
2212 2179 2202 2203 2180 
2213 2180 2203 2204 2181 
2214 2181 2204 2205 2182 
2215 2182 2205 2206 2183 
2216 2183 2206 234 233 
2217 219 220 2207 2184 
2218 2184 2207 2208 2185 
2219 2185 2208 2209 2186 
2220 2186 2209 2210 2187 
2221 2187 2210 2211 2188 
2222 2188 2211 2212 2189 
2223 2189 2212 2213 2190 
2224 2190 2213 2214 2191 
2225 2191 2214 2215 2192 
2226 2192 2215 2216 2193 
2227 2193 2216 2217 2194 
2228 2194 2217 2218 2195 
2229 2195 2218 2219 2196 
2230 2196 2219 2220 2197 
2231 2197 2220 2221 2198 
2232 2198 2221 2222 2199 
2233 2199 2222 2223 2200 
2234 2200 2223 2224 2201 
2235 2201 2224 2225 2202 
2236 2202 2225 2226 2203 
2237 2203 2226 2227 2204 
2238 2204 2227 2228 2205 
2239 2205 2228 2229 2206 
2240 2206 2229 235 234 
2241 220 221 2230 2207 
2242 2207 2230 2231 2208 
2243 2208 2231 2232 2209 
2244 2209 2232 2233 2210 
2245 2210 2233 2234 2211 
2246 2211 2234 2235 2212 
2247 2212 2235 2236 2213 
2248 2213 2236 2237 2214 
2249 2214 2237 2238 2215 
2250 2215 2238 2239 2216 
2251 2216 2239 2240 2217 
2252 2217 2240 2241 2218 
2253 2218 2241 2242 2219 
2254 2219 2242 2243 2220 
2255 2220 2243 2244 2221 
2256 2221 2244 2245 2222 
2257 2222 2245 2246 2223 
2258 2223 2246 2247 2224 
2259 2224 2247 2248 2225 
2260 2225 2248 2249 2226 
2261 2226 2249 2250 2227 
2262 2227 2250 2251 2228 
2263 2228 2251 2252 2229 
2264 2229 2252 236 235 
2265 221 7 252 2230 
2266 2230 252 253 2231 
2267 2231 253 254 2232 
2268 2232 254 255 2233 
2269 2233 255 256 2234 
2270 2234 256 257 2235 
2271 2235 257 258 2236 
2272 2236 258 259 2237 
2273 2237 259 260 2238 
2274 2238 260 261 2239 
2275 2239 261 262 2240 
2276 2240 262 263 2241 
2277 2241 263 264 2242 
2278 2242 264 265 2243 
2279 2243 265 266 2244 
2280 2244 266 267 2245 
2281 2245 267 268 2246 
2282 2246 268 269 2247 
2283 2247 269 270 2248 
2284 2248 270 271 2249 
2285 2249 271 272 2250 
2286 2250 272 273 2251 
2287 2251 273 274 2252 
2288 2252 274 8 236 
2 4 3 384
2289 5 222 2253 79 
2290 79 2253 2254 80 
2291 80 2254 2255 81 
2292 81 2255 2256 82 
2293 82 2256 2257 83 
2294 83 2257 2258 84 
2295 84 2258 2259 85 
2296 85 2259 2260 86 
2297 86 2260 2261 87 
2298 87 2261 2262 88 
2299 88 2262 2263 89 
2300 89 2263 2264 90 
2301 90 2264 2265 91 
2302 91 2265 2266 92 
2303 92 2266 2267 93 
2304 93 2267 2268 94 
2305 94 2268 2269 95 
2306 95 2269 2270 96 
2307 96 2270 2271 97 
2308 97 2271 2272 98 
2309 98 2272 2273 99 
2310 99 2273 2274 100 
2311 100 2274 2275 101 
2312 101 2275 237 6 
2313 222 223 2276 2253 
2314 2253 2276 2277 2254 
2315 2254 2277 2278 2255 
2316 2255 2278 2279 2256 
2317 2256 2279 2280 2257 
2318 2257 2280 2281 2258 
2319 2258 2281 2282 2259 
2320 2259 2282 2283 2260 
2321 2260 2283 2284 2261 
2322 2261 2284 2285 2262 
2323 2262 2285 2286 2263 
2324 2263 2286 2287 2264 
2325 2264 2287 2288 2265 
2326 2265 2288 2289 2266 
2327 2266 2289 2290 2267 
2328 2267 2290 2291 2268 
2329 2268 2291 2292 2269 
2330 2269 2292 2293 2270 
2331 2270 2293 2294 2271 
2332 2271 2294 2295 2272 
2333 2272 2295 2296 2273 
2334 2273 2296 2297 2274 
2335 2274 2297 2298 2275 
2336 2275 2298 238 237 
2337 223 224 2299 2276 
2338 2276 2299 2300 2277 
2339 2277 2300 2301 2278 
2340 2278 2301 2302 2279 
2341 2279 2302 2303 2280 
2342 2280 2303 2304 2281 
2343 2281 2304 2305 2282 
2344 2282 2305 2306 2283 
2345 2283 2306 2307 2284 
2346 2284 2307 2308 2285 
2347 2285 2308 2309 2286 
2348 2286 2309 2310 2287 
2349 2287 2310 2311 2288 
2350 2288 2311 2312 2289 
2351 2289 2312 2313 2290 
2352 2290 2313 2314 2291 
2353 2291 2314 2315 2292 
2354 2292 2315 2316 2293 
2355 2293 2316 2317 2294 
2356 2294 2317 2318 2295 
2357 2295 2318 2319 2296 
2358 2296 2319 2320 2297 
2359 2297 2320 2321 2298 
2360 2298 2321 239 238 
2361 224 225 2322 2299 
2362 2299 2322 2323 2300 
2363 2300 2323 2324 2301 
2364 2301 2324 2325 2302 
2365 2302 2325 2326 2303 
2366 2303 2326 2327 2304 
2367 2304 2327 2328 2305 
2368 2305 2328 2329 2306 
2369 2306 2329 2330 2307 
2370 2307 2330 2331 2308 
2371 2308 2331 2332 2309 
2372 2309 2332 2333 2310 
2373 2310 2333 2334 2311 
2374 2311 2334 2335 2312 
2375 2312 2335 2336 2313 
2376 2313 2336 2337 2314 
2377 2314 2337 2338 2315 
2378 2315 2338 2339 2316 
2379 2316 2339 2340 2317 
2380 2317 2340 2341 2318 
2381 2318 2341 2342 2319 
2382 2319 2342 2343 2320 
2383 2320 2343 2344 2321 
2384 2321 2344 240 239 
2385 225 226 2345 2322 
2386 2322 2345 2346 2323 
2387 2323 2346 2347 2324 
2388 2324 2347 2348 2325 
2389 2325 2348 2349 2326 
2390 2326 2349 2350 2327 
2391 2327 2350 2351 2328 
2392 2328 2351 2352 2329 
2393 2329 2352 2353 2330 
2394 2330 2353 2354 2331 
2395 2331 2354 2355 2332 
2396 2332 2355 2356 2333 
2397 2333 2356 2357 2334 
2398 2334 2357 2358 2335 
2399 2335 2358 2359 2336 
2400 2336 2359 2360 2337 
2401 2337 2360 2361 2338 
2402 2338 2361 2362 2339 
2403 2339 2362 2363 2340 
2404 2340 2363 2364 2341 
2405 2341 2364 2365 2342 
2406 2342 2365 2366 2343 
2407 2343 2366 2367 2344 
2408 2344 2367 241 240 
2409 226 227 2368 2345 
2410 2345 2368 2369 2346 
2411 2346 2369 2370 2347 
2412 2347 2370 2371 2348 
2413 2348 2371 2372 2349 
2414 2349 2372 2373 2350 
2415 2350 2373 2374 2351 
2416 2351 2374 2375 2352 
2417 2352 2375 2376 2353 
2418 2353 2376 2377 2354 
2419 2354 2377 2378 2355 
2420 2355 2378 2379 2356 
2421 2356 2379 2380 2357 
2422 2357 2380 2381 2358 
2423 2358 2381 2382 2359 
2424 2359 2382 2383 2360 
2425 2360 2383 2384 2361 
2426 2361 2384 2385 2362 
2427 2362 2385 2386 2363 
2428 2363 2386 2387 2364 
2429 2364 2387 2388 2365 
2430 2365 2388 2389 2366 
2431 2366 2389 2390 2367 
2432 2367 2390 242 241 
2433 227 228 2391 2368 
2434 2368 2391 2392 2369 
2435 2369 2392 2393 2370 
2436 2370 2393 2394 2371 
2437 2371 2394 2395 2372 
2438 2372 2395 2396 2373 
2439 2373 2396 2397 2374 
2440 2374 2397 2398 2375 
2441 2375 2398 2399 2376 
2442 2376 2399 2400 2377 
2443 2377 2400 2401 2378 
2444 2378 2401 2402 2379 
2445 2379 2402 2403 2380 
2446 2380 2403 2404 2381 
2447 2381 2404 2405 2382 
2448 2382 2405 2406 2383 
2449 2383 2406 2407 2384 
2450 2384 2407 2408 2385 
2451 2385 2408 2409 2386 
2452 2386 2409 2410 2387 
2453 2387 2410 2411 2388 
2454 2388 2411 2412 2389 
2455 2389 2412 2413 2390 
2456 2390 2413 243 242 
2457 228 229 2414 2391 
2458 2391 2414 2415 2392 
2459 2392 2415 2416 2393 
2460 2393 2416 2417 2394 
2461 2394 2417 2418 2395 
2462 2395 2418 2419 2396 
2463 2396 2419 2420 2397 
2464 2397 2420 2421 2398 
2465 2398 2421 2422 2399 
2466 2399 2422 2423 2400 
2467 2400 2423 2424 2401 
2468 2401 2424 2425 2402 
2469 2402 2425 2426 2403 
2470 2403 2426 2427 2404 
2471 2404 2427 2428 2405 
2472 2405 2428 2429 2406 
2473 2406 2429 2430 2407 
2474 2407 2430 2431 2408 
2475 2408 2431 2432 2409 
2476 2409 2432 2433 2410 
2477 2410 2433 2434 2411 
2478 2411 2434 2435 2412 
2479 2412 2435 2436 2413 
2480 2413 2436 244 243 
2481 229 230 2437 2414 
2482 2414 2437 2438 2415 
2483 2415 2438 2439 2416 
2484 2416 2439 2440 2417 
2485 2417 2440 2441 2418 
2486 2418 2441 2442 2419 
2487 2419 2442 2443 2420 
2488 2420 2443 2444 2421 
2489 2421 2444 2445 2422 
2490 2422 2445 2446 2423 
2491 2423 2446 2447 2424 
2492 2424 2447 2448 2425 
2493 2425 2448 2449 2426 
2494 2426 2449 2450 2427 
2495 2427 2450 2451 2428 
2496 2428 2451 2452 2429 
2497 2429 2452 2453 2430 
2498 2430 2453 2454 2431 
2499 2431 2454 2455 2432 
2500 2432 2455 2456 2433 
2501 2433 2456 2457 2434 
2502 2434 2457 2458 2435 
2503 2435 2458 2459 2436 
2504 2436 2459 245 244 
2505 230 231 2460 2437 
2506 2437 2460 2461 2438 
2507 2438 2461 2462 2439 
2508 2439 2462 2463 2440 
2509 2440 2463 2464 2441 
2510 2441 2464 2465 2442 
2511 2442 2465 2466 2443 
2512 2443 2466 2467 2444 
2513 2444 2467 2468 2445 
2514 2445 2468 2469 2446 
2515 2446 2469 2470 2447 
2516 2447 2470 2471 2448 
2517 2448 2471 2472 2449 
2518 2449 2472 2473 2450 
2519 2450 2473 2474 2451 
2520 2451 2474 2475 2452 
2521 2452 2475 2476 2453 
2522 2453 2476 2477 2454 
2523 2454 2477 2478 2455 
2524 2455 2478 2479 2456 
2525 2456 2479 2480 2457 
2526 2457 2480 2481 2458 
2527 2458 2481 2482 2459 
2528 2459 2482 246 245 
2529 231 232 2483 2460 
2530 2460 2483 2484 2461 
2531 2461 2484 2485 2462 
2532 2462 2485 2486 2463 
2533 2463 2486 2487 2464 
2534 2464 2487 2488 2465 
2535 2465 2488 2489 2466 
2536 2466 2489 2490 2467 
2537 2467 2490 2491 2468 
2538 2468 2491 2492 2469 
2539 2469 2492 2493 2470 
2540 2470 2493 2494 2471 
2541 2471 2494 2495 2472 
2542 2472 2495 2496 2473 
2543 2473 2496 2497 2474 
2544 2474 2497 2498 2475 
2545 2475 2498 2499 2476 
2546 2476 2499 2500 2477 
2547 2477 2500 2501 2478 
2548 2478 2501 2502 2479 
2549 2479 2502 2503 2480 
2550 2480 2503 2504 2481 
2551 2481 2504 2505 2482 
2552 2482 2505 247 246 
2553 232 233 2506 2483 
2554 2483 2506 2507 2484 
2555 2484 2507 2508 2485 
2556 2485 2508 2509 2486 
2557 2486 2509 2510 2487 
2558 2487 2510 2511 2488 
2559 2488 2511 2512 2489 
2560 2489 2512 2513 2490 
2561 2490 2513 2514 2491 
2562 2491 2514 2515 2492 
2563 2492 2515 2516 2493 
2564 2493 2516 2517 2494 
2565 2494 2517 2518 2495 
2566 2495 2518 2519 2496 
2567 2496 2519 2520 2497 
2568 2497 2520 2521 2498 
2569 2498 2521 2522 2499 
2570 2499 2522 2523 2500 
2571 2500 2523 2524 2501 
2572 2501 2524 2525 2502 
2573 2502 2525 2526 2503 
2574 2503 2526 2527 2504 
2575 2504 2527 2528 2505 
2576 2505 2528 248 247 
2577 233 234 2529 2506 
2578 2506 2529 2530 2507 
2579 2507 2530 2531 2508 
2580 2508 2531 2532 2509 
2581 2509 2532 2533 2510 
2582 2510 2533 2534 2511 
2583 2511 2534 2535 2512 
2584 2512 2535 2536 2513 
2585 2513 2536 2537 2514 
2586 2514 2537 2538 2515 
2587 2515 2538 2539 2516 
2588 2516 2539 2540 2517 
2589 2517 2540 2541 2518 
2590 2518 2541 2542 2519 
2591 2519 2542 2543 2520 
2592 2520 2543 2544 2521 
2593 2521 2544 2545 2522 
2594 2522 2545 2546 2523 
2595 2523 2546 2547 2524 
2596 2524 2547 2548 2525 
2597 2525 2548 2549 2526 
2598 2526 2549 2550 2527 
2599 2527 2550 2551 2528 
2600 2528 2551 249 248 
2601 234 235 2552 2529 
2602 2529 2552 2553 2530 
2603 2530 2553 2554 2531 
2604 2531 2554 2555 2532 
2605 2532 2555 2556 2533 
2606 2533 2556 2557 2534 
2607 2534 2557 2558 2535 
2608 2535 2558 2559 2536 
2609 2536 2559 2560 2537 
2610 2537 2560 2561 2538 
2611 2538 2561 2562 2539 
2612 2539 2562 2563 2540 
2613 2540 2563 2564 2541 
2614 2541 2564 2565 2542 
2615 2542 2565 2566 2543 
2616 2543 2566 2567 2544 
2617 2544 2567 2568 2545 
2618 2545 2568 2569 2546 
2619 2546 2569 2570 2547 
2620 2547 2570 2571 2548 
2621 2548 2571 2572 2549 
2622 2549 2572 2573 2550 
2623 2550 2573 2574 2551 
2624 2551 2574 250 249 
2625 235 236 2575 2552 
2626 2552 2575 2576 2553 
2627 2553 2576 2577 2554 
2628 2554 2577 2578 2555 
2629 2555 2578 2579 2556 
2630 2556 2579 2580 2557 
2631 2557 2580 2581 2558 
2632 2558 2581 2582 2559 
2633 2559 2582 2583 2560 
2634 2560 2583 2584 2561 
2635 2561 2584 2585 2562 
2636 2562 2585 2586 2563 
2637 2563 2586 2587 2564 
2638 2564 2587 2588 2565 
2639 2565 2588 2589 2566 
2640 2566 2589 2590 2567 
2641 2567 2590 2591 2568 
2642 2568 2591 2592 2569 
2643 2569 2592 2593 2570 
2644 2570 2593 2594 2571 
2645 2571 2594 2595 2572 
2646 2572 2595 2596 2573 
2647 2573 2596 2597 2574 
2648 2574 2597 251 250 
2649 236 8 275 2575 
2650 2575 275 276 2576 
2651 2576 276 277 2577 
2652 2577 277 278 2578 
2653 2578 278 279 2579 
2654 2579 279 280 2580 
2655 2580 280 281 2581 
2656 2581 281 282 2582 
2657 2582 282 283 2583 
2658 2583 283 284 2584 
2659 2584 284 285 2585 
2660 2585 285 286 2586 
2661 2586 286 287 2587 
2662 2587 287 288 2588 
2663 2588 288 289 2589 
2664 2589 289 290 2590 
2665 2590 290 291 2591 
2666 2591 291 292 2592 
2667 2592 292 293 2593 
2668 2593 293 294 2594 
2669 2594 294 295 2595 
2670 2595 295 296 2596 
2671 2596 296 297 2597 
2672 2597 297 9 251 
$EndElements
